response_id,session_id,prompt_name,prompt_hash,probability,raw_content,error,elapsed_sec,attempts
kdwihol,kmerrzd,A16,56c1830743702099166e7d1d6063146e668e93057dc40632774ea1a9540c9f23,0.45,"{
  ""dimensions"": {
    ""ES"": {""score"": 2, ""label"": ""mixed final accuracy""},
    ""IRV"": {""score"": 1, ""label"": ""weak reasoning validity""},
    ""LGC"": {""score"": 2, ""label"": ""mixed objective coverage""},
    ""NTP"": {""score"": 1, ""label"": ""weak transfer performance""},
    ""COC"": {""score"": 1, ""label"": ""weak performance consistency""},
    ""SMR"": {""score"": 2, ""label"": ""mixed misconception resolution""},
    ""SEQ"": {""score"": 1, ""label"": ""weak explanation quality""},
    ""PC"": {""score"": 1, ""label"": ""weak procedural completeness""},
    ""SSA"": {""score"": 1, ""label"": ""weak strategy selection""},
    ""SEC"": {""score"": 2, ""label"": ""mixed error correction""},
    ""WCR"": {""score"": 2, ""label"": ""mixed knowledge retention""},
    ""RP"": {""score"": 1, ""label"": ""weak representation precision""},
    ""JEU"": {""score"": 1, ""label"": ""weak evidence use""},
    ""BCU"": {""score"": 1, ""label"": ""weak boundary understanding""},
    ""GPA"": {""score"": 1, ""label"": ""weak generative production""},
    ""CC"": {""score"": 2, ""label"": ""mixed confidence calibration""}
  },
  ""achievement"": {
    ""probability"": 0.45
  }
}",,27.62,1
dauxfyr,gczysty,A16,56c1830743702099166e7d1d6063146e668e93057dc40632774ea1a9540c9f23,0.85,"{
  ""dimensions"": {
    ""ES"": {""score"": 3, ""label"": ""strong final accuracy""},
    ""IRV"": {""score"": 3, ""label"": ""strong reasoning validity""},
    ""LGC"": {""score"": 4, ""label"": ""exceptional objective coverage""},
    ""NTP"": {""score"": 2, ""label"": ""mixed transfer performance""},
    ""COC"": {""score"": 3, ""label"": ""strong performance consistency""},
    ""SMR"": {""score"": 3, ""label"": ""strong misconception resolution""},
    ""SEQ"": {""score"": 4, ""label"": ""exceptional explanation quality""},
    ""PC"": {""score"": 3, ""label"": ""strong procedural completeness""},
    ""SSA"": {""score"": 3, ""label"": ""strong strategy selection""},
    ""SEC"": {""score"": 2, ""label"": ""mixed error correction""},
    ""WCR"": {""score"": 3, ""label"": ""strong knowledge retention""},
    ""RP"": {""score"": 3, ""label"": ""strong representation precision""},
    ""JEU"": {""score"": 3, ""label"": ""strong evidence use""},
    ""BCU"": {""score"": 2, ""label"": ""mixed boundary understanding""},
    ""GPA"": {""score"": 3, ""label"": ""strong generative production""},
    ""CC"": {""score"": 3, ""label"": ""strong confidence calibration""}
  },
  ""achievement"": {
    ""probability"": 0.85
  }
}",,18.36,1
hhntuet,gitfpzq,A16,56c1830743702099166e7d1d6063146e668e93057dc40632774ea1a9540c9f23,0.85,"{
  ""dimensions"": {
    ""ES"": {""score"": 3, ""label"": ""strong final accuracy""},
    ""IRV"": {""score"": 3, ""label"": ""strong reasoning validity""},
    ""LGC"": {""score"": 4, ""label"": ""exceptional objective coverage""},
    ""NTP"": {""score"": 2, ""label"": ""mixed transfer performance""},
    ""COC"": {""score"": 3, ""label"": ""strong performance consistency""},
    ""SMR"": {""score"": 1, ""label"": ""weak misconception resolution""},
    ""SEQ"": {""score"": 3, ""label"": ""strong explanation quality""},
    ""PC"": {""score"": 3, ""label"": ""strong procedural completeness""},
    ""SSA"": {""score"": 3, ""label"": ""strong strategy selection""},
    ""SEC"": {""score"": 2, ""label"": ""mixed error correction""},
    ""WCR"": {""score"": 4, ""label"": ""exceptional knowledge retention""},
    ""RP"": {""score"": 3, ""label"": ""strong representation precision""},
    ""JEU"": {""score"": 3, ""label"": ""strong evidence use""},
    ""BCU"": {""score"": 2, ""label"": ""mixed boundary understanding""},
    ""GPA"": {""score"": 3, ""label"": ""strong generative production""},
    ""CC"": {""score"": 2, ""label"": ""mixed confidence calibration""}
  },
  ""achievement"": {
    ""probability"": 0.85
  }
}",,19.32,1
gclnknm,kzqayug,A16,56c1830743702099166e7d1d6063146e668e93057dc40632774ea1a9540c9f23,0.75,"{
  ""dimensions"": {
    ""ES"": {""score"": 3, ""label"": ""strong final accuracy""},
    ""IRV"": {""score"": 2, ""label"": ""mixed reasoning validity""},
    ""LGC"": {""score"": 3, ""label"": ""strong objective coverage""},
    ""NTP"": {""score"": 2, ""label"": ""mixed transfer performance""},
    ""COC"": {""score"": 2, ""label"": ""mixed performance consistency""},
    ""SMR"": {""score"": 2, ""label"": ""mixed misconception resolution""},
    ""SEQ"": {""score"": 2, ""label"": ""mixed explanation quality""},
    ""PC"": {""score"": 3, ""label"": ""strong procedural completeness""},
    ""SSA"": {""score"": 3, ""label"": ""strong strategy selection""},
    ""SEC"": {""score"": 1, ""label"": ""weak error correction""},
    ""WCR"": {""score"": 2, ""label"": ""mixed knowledge retention""},
    ""RP"": {""score"": 2, ""label"": ""mixed representation precision""},
    ""JEU"": {""score"": 3, ""label"": ""strong evidence use""},
    ""BCU"": {""score"": 2, ""label"": ""mixed boundary understanding""},
    ""GPA"": {""score"": 2, ""label"": ""mixed generative production""},
    ""CC"": {""score"": 1, ""label"": ""weak confidence calibration""}
  },
  ""achievement"": {
    ""probability"": 0.75
  }
}",,17.67,1
iahatcl,mbtiehl,A16,56c1830743702099166e7d1d6063146e668e93057dc40632774ea1a9540c9f23,0.45,"{
  ""dimensions"": {
    ""ES"": {""score"": 2, ""label"": ""mixed final accuracy""},
    ""IRV"": {""score"": 1, ""label"": ""weak reasoning validity""},
    ""LGC"": {""score"": 3, ""label"": ""strong objective coverage""},
    ""NTP"": {""score"": 1, ""label"": ""weak transfer performance""},
    ""COC"": {""score"": 2, ""label"": ""mixed performance consistency""},
    ""SMR"": {""score"": 2, ""label"": ""mixed misconception resolution""},
    ""SEQ"": {""score"": 2, ""label"": ""mixed explanation quality""},
    ""PC"": {""score"": 1, ""label"": ""weak procedural completeness""},
    ""SSA"": {""score"": 1, ""label"": ""weak strategy selection""},
    ""SEC"": {""score"": 2, ""label"": ""mixed error correction""},
    ""WCR"": {""score"": 3, ""label"": ""strong knowledge retention""},
    ""RP"": {""score"": 2, ""label"": ""mixed representation precision""},
    ""JEU"": {""score"": 1, ""label"": ""weak evidence use""},
    ""BCU"": {""score"": 1, ""label"": ""weak boundary understanding""},
    ""GPA"": {""score"": 1, ""label"": ""weak generative production""},
    ""CC"": {""score"": 2, ""label"": ""mixed confidence calibration""}
  },
  ""achievement"": {
    ""probability"": 0.45
  }
}",,17.68,1
gtpzatd,hckfagf,A16,56c1830743702099166e7d1d6063146e668e93057dc40632774ea1a9540c9f23,0.75,"{
  ""dimensions"": {
    ""ES"": {""score"": 3, ""label"": ""strong final accuracy""},
    ""IRV"": {""score"": 2, ""label"": ""mixed reasoning validity""},
    ""LGC"": {""score"": 3, ""label"": ""strong objective coverage""},
    ""NTP"": {""score"": 1, ""label"": ""weak transfer performance""},
    ""COC"": {""score"": 2, ""label"": ""mixed performance consistency""},
    ""SMR"": {""score"": 3, ""label"": ""strong misconception resolution""},
    ""SEQ"": {""score"": 2, ""label"": ""mixed explanation quality""},
    ""PC"": {""score"": 2, ""label"": ""mixed procedural completeness""},
    ""SSA"": {""score"": 2, ""label"": ""mixed strategy selection""},
    ""SEC"": {""score"": 3, ""label"": ""strong error correction""},
    ""WCR"": {""score"": 3, ""label"": ""strong knowledge retention""},
    ""RP"": {""score"": 2, ""label"": ""mixed representation precision""},
    ""JEU"": {""score"": 2, ""label"": ""mixed evidence use""},
    ""BCU"": {""score"": 1, ""label"": ""weak boundary understanding""},
    ""GPA"": {""score"": 2, ""label"": ""mixed generative production""},
    ""CC"": {""score"": 3, ""label"": ""strong confidence calibration""}
  },
  ""achievement"": {
    ""probability"": 0.75
  }
}",,17.94,1
mmtdpna,bjlsops,A16,56c1830743702099166e7d1d6063146e668e93057dc40632774ea1a9540c9f23,0.65,"{
  ""dimensions"": {
    ""ES"": {""score"": 2, ""label"": ""mixed final accuracy""},
    ""IRV"": {""score"": 2, ""label"": ""mixed reasoning validity""},
    ""LGC"": {""score"": 3, ""label"": ""strong objective coverage""},
    ""NTP"": {""score"": 1, ""label"": ""weak transfer performance""},
    ""COC"": {""score"": 2, ""label"": ""mixed performance consistency""},
    ""SMR"": {""score"": 2, ""label"": ""mixed misconception resolution""},
    ""SEQ"": {""score"": 1, ""label"": ""weak explanation quality""},
    ""PC"": {""score"": 2, ""label"": ""mixed procedural completeness""},
    ""SSA"": {""score"": 2, ""label"": ""mixed strategy selection""},
    ""SEC"": {""score"": 2, ""label"": ""mixed error correction""},
    ""WCR"": {""score"": 3, ""label"": ""strong knowledge retention""},
    ""RP"": {""score"": 2, ""label"": ""mixed representation precision""},
    ""JEU"": {""score"": 1, ""label"": ""weak evidence use""},
    ""BCU"": {""score"": 2, ""label"": ""mixed boundary understanding""},
    ""GPA"": {""score"": 2, ""label"": ""mixed generative production""},
    ""CC"": {""score"": 2, ""label"": ""mixed confidence calibration""}
  },
  ""achievement"": {
    ""probability"": 0.65
  }
}",,20.79,1
iilkmwq,lsmftoc,A16,56c1830743702099166e7d1d6063146e668e93057dc40632774ea1a9540c9f23,0.55,"{
  ""dimensions"": {
    ""ES"": {""score"": 2, ""label"": ""mixed final accuracy""},
    ""IRV"": {""score"": 2, ""label"": ""mixed reasoning validity""},
    ""LGC"": {""score"": 3, ""label"": ""strong objective coverage""},
    ""NTP"": {""score"": 1, ""label"": ""weak transfer performance""},
    ""COC"": {""score"": 2, ""label"": ""mixed performance consistency""},
    ""SMR"": {""score"": 2, ""label"": ""mixed misconception resolution""},
    ""SEQ"": {""score"": 2, ""label"": ""mixed explanation quality""},
    ""PC"": {""score"": 2, ""label"": ""mixed procedural completeness""},
    ""SSA"": {""score"": 2, ""label"": ""mixed strategy selection""},
    ""SEC"": {""score"": 1, ""label"": ""weak error correction""},
    ""WCR"": {""score"": 2, ""label"": ""mixed knowledge retention""},
    ""RP"": {""score"": 2, ""label"": ""mixed representation precision""},
    ""JEU"": {""score"": 1, ""label"": ""weak evidence use""},
    ""BCU"": {""score"": 1, ""label"": ""weak boundary understanding""},
    ""GPA"": {""score"": 2, ""label"": ""mixed generative production""},
    ""CC"": {""score"": 2, ""label"": ""mixed confidence calibration""}
  },
  ""achievement"": {
    ""probability"": 0.55
  }
}",,19.0,1
lpnvfzp,lffabab,A16,56c1830743702099166e7d1d6063146e668e93057dc40632774ea1a9540c9f23,0.78,"{
  ""dimensions"": {
    ""ES"": {""score"": 3, ""label"": ""strong final accuracy""},
    ""IRV"": {""score"": 3, ""label"": ""strong reasoning validity""},
    ""LGC"": {""score"": 2, ""label"": ""mixed objective coverage""},
    ""NTP"": {""score"": 2, ""label"": ""mixed transfer performance""},
    ""COC"": {""score"": 3, ""label"": ""strong performance consistency""},
    ""SMR"": {""score"": 3, ""label"": ""strong misconception resolution""},
    ""SEQ"": {""score"": 3, ""label"": ""strong explanation quality""},
    ""PC"": {""score"": 2, ""label"": ""mixed procedural completeness""},
    ""SSA"": {""score"": 3, ""label"": ""strong strategy selection""},
    ""SEC"": {""score"": 1, ""label"": ""weak error correction""},
    ""WCR"": {""score"": 2, ""label"": ""mixed knowledge retention""},
    ""RP"": {""score"": 2, ""label"": ""mixed representation precision""},
    ""JEU"": {""score"": 3, ""label"": ""strong evidence use""},
    ""BCU"": {""score"": 3, ""label"": ""strong boundary understanding""},
    ""GPA"": {""score"": 2, ""label"": ""mixed generative production""},
    ""CC"": {""score"": 2, ""label"": ""mixed confidence calibration""}
  },
  ""achievement"": {
    ""probability"": 0.78
  }
}",,18.2,1
nmfsaln,hggezne,A16,56c1830743702099166e7d1d6063146e668e93057dc40632774ea1a9540c9f23,0.65,"{
  ""dimensions"": {
    ""ES"": {""score"": 2, ""label"": ""mixed final accuracy""},
    ""IRV"": {""score"": 2, ""label"": ""mixed reasoning validity""},
    ""LGC"": {""score"": 3, ""label"": ""strong objective coverage""},
    ""NTP"": {""score"": 1, ""label"": ""weak transfer performance""},
    ""COC"": {""score"": 2, ""label"": ""mixed performance consistency""},
    ""SMR"": {""score"": 2, ""label"": ""mixed misconception resolution""},
    ""SEQ"": {""score"": 2, ""label"": ""mixed explanation quality""},
    ""PC"": {""score"": 2, ""label"": ""mixed procedural completeness""},
    ""SSA"": {""score"": 1, ""label"": ""weak strategy selection""},
    ""SEC"": {""score"": 2, ""label"": ""mixed error correction""},
    ""WCR"": {""score"": 3, ""label"": ""strong knowledge retention""},
    ""RP"": {""score"": 2, ""label"": ""mixed representation precision""},
    ""JEU"": {""score"": 1, ""label"": ""weak evidence use""},
    ""BCU"": {""score"": 2, ""label"": ""mixed boundary understanding""},
    ""GPA"": {""score"": 1, ""label"": ""weak generative production""},
    ""CC"": {""score"": 2, ""label"": ""mixed confidence calibration""}
  },
  ""achievement"": {
    ""probability"": 0.65
  }
}",,15.77,1
hdmvkpo,kmwkdgg,A16,56c1830743702099166e7d1d6063146e668e93057dc40632774ea1a9540c9f23,0.85,"{
  ""dimensions"": {
    ""ES"": {""score"": 3, ""label"": ""strong final accuracy""},
    ""IRV"": {""score"": 3, ""label"": ""strong reasoning validity""},
    ""LGC"": {""score"": 4, ""label"": ""exceptional objective coverage""},
    ""NTP"": {""score"": 2, ""label"": ""mixed transfer performance""},
    ""COC"": {""score"": 3, ""label"": ""strong performance consistency""},
    ""SMR"": {""score"": 3, ""label"": ""strong misconception resolution""},
    ""SEQ"": {""score"": 3, ""label"": ""strong explanation quality""},
    ""PC"": {""score"": 3, ""label"": ""strong procedural completeness""},
    ""SSA"": {""score"": 3, ""label"": ""strong strategy selection""},
    ""SEC"": {""score"": 2, ""label"": ""mixed error correction""},
    ""WCR"": {""score"": 3, ""label"": ""strong knowledge retention""},
    ""RP"": {""score"": 3, ""label"": ""strong representation precision""},
    ""JEU"": {""score"": 3, ""label"": ""strong evidence use""},
    ""BCU"": {""score"": 3, ""label"": ""strong boundary understanding""},
    ""GPA"": {""score"": 2, ""label"": ""mixed generative production""},
    ""CC"": {""score"": 2, ""label"": ""mixed confidence calibration""}
  },
  ""achievement"": {
    ""probability"": 0.85
  }
}",,19.04,1
cvtkndi,frofdvk,A16,56c1830743702099166e7d1d6063146e668e93057dc40632774ea1a9540c9f23,0.55,"{
  ""dimensions"": {
    ""ES"": {""score"": 2, ""label"": ""mixed final accuracy""},
    ""IRV"": {""score"": 2, ""label"": ""mixed reasoning validity""},
    ""LGC"": {""score"": 3, ""label"": ""strong objective coverage""},
    ""NTP"": {""score"": 1, ""label"": ""weak transfer performance""},
    ""COC"": {""score"": 2, ""label"": ""mixed performance consistency""},
    ""SMR"": {""score"": 2, ""label"": ""mixed misconception resolution""},
    ""SEQ"": {""score"": 2, ""label"": ""mixed explanation quality""},
    ""PC"": {""score"": 2, ""label"": ""mixed procedural completeness""},
    ""SSA"": {""score"": 2, ""label"": ""mixed strategy selection""},
    ""SEC"": {""score"": 1, ""label"": ""weak error correction""},
    ""WCR"": {""score"": 2, ""label"": ""mixed knowledge retention""},
    ""RP"": {""score"": 2, ""label"": ""mixed representation precision""},
    ""JEU"": {""score"": 2, ""label"": ""mixed evidence use""},
    ""BCU"": {""score"": 1, ""label"": ""weak boundary understanding""},
    ""GPA"": {""score"": 2, ""label"": ""mixed generative production""},
    ""CC"": {""score"": 1, ""label"": ""weak confidence calibration""}
  },
  ""achievement"": {
    ""probability"": 0.55
  }
}",,18.8,1
cdqxbmm,ccbnbjk,A16,56c1830743702099166e7d1d6063146e668e93057dc40632774ea1a9540c9f23,0.35,"{
  ""dimensions"": {
    ""ES"": {""score"": 2, ""label"": ""mixed final accuracy""},
    ""IRV"": {""score"": 1, ""label"": ""weak reasoning validity""},
    ""LGC"": {""score"": 2, ""label"": ""mixed objective coverage""},
    ""NTP"": {""score"": 1, ""label"": ""weak transfer performance""},
    ""COC"": {""score"": 1, ""label"": ""weak performance consistency""},
    ""SMR"": {""score"": 1, ""label"": ""weak misconception resolution""},
    ""SEQ"": {""score"": 2, ""label"": ""mixed explanation quality""},
    ""PC"": {""score"": 1, ""label"": ""weak procedural completeness""},
    ""SSA"": {""score"": 1, ""label"": ""weak strategy selection""},
    ""SEC"": {""score"": 0, ""label"": ""minimal error correction""},
    ""WCR"": {""score"": 2, ""label"": ""mixed knowledge retention""},
    ""RP"": {""score"": 2, ""label"": ""mixed representation precision""},
    ""JEU"": {""score"": 1, ""label"": ""weak evidence use""},
    ""BCU"": {""score"": 1, ""label"": ""weak boundary understanding""},
    ""GPA"": {""score"": 1, ""label"": ""weak generative production""},
    ""CC"": {""score"": 2, ""label"": ""mixed confidence calibration""}
  },
  ""achievement"": {
    ""probability"": 0.35
  }
}",,16.15,1
fgjewwq,ksggvxp,A16,56c1830743702099166e7d1d6063146e668e93057dc40632774ea1a9540c9f23,0.65,"{
  ""dimensions"": {
    ""ES"": {""score"": 2, ""label"": ""mixed final accuracy""},
    ""IRV"": {""score"": 2, ""label"": ""mixed reasoning validity""},
    ""LGC"": {""score"": 3, ""label"": ""strong objective coverage""},
    ""NTP"": {""score"": 1, ""label"": ""weak transfer performance""},
    ""COC"": {""score"": 2, ""label"": ""mixed performance consistency""},
    ""SMR"": {""score"": 2, ""label"": ""mixed misconception resolution""},
    ""SEQ"": {""score"": 3, ""label"": ""strong explanation quality""},
    ""PC"": {""score"": 2, ""label"": ""mixed procedural completeness""},
    ""SSA"": {""score"": 2, ""label"": ""mixed strategy selection""},
    ""SEC"": {""score"": 1, ""label"": ""weak error correction""},
    ""WCR"": {""score"": 3, ""label"": ""strong knowledge retention""},
    ""RP"": {""score"": 2, ""label"": ""mixed representation precision""},
    ""JEU"": {""score"": 2, ""label"": ""mixed evidence use""},
    ""BCU"": {""score"": 3, ""label"": ""strong boundary understanding""},
    ""GPA"": {""score"": 1, ""label"": ""weak generative production""},
    ""CC"": {""score"": 2, ""label"": ""mixed confidence calibration""}
  },
  ""achievement"": {
    ""probability"": 0.65
  }
}",,19.1,1
gbpowpb,jhqynmx,A16,56c1830743702099166e7d1d6063146e668e93057dc40632774ea1a9540c9f23,0.78,"{
  ""dimensions"": {
    ""ES"": {""score"": 3, ""label"": ""strong final accuracy""},
    ""IRV"": {""score"": 3, ""label"": ""strong reasoning validity""},
    ""LGC"": {""score"": 4, ""label"": ""exceptional objective coverage""},
    ""NTP"": {""score"": 2, ""label"": ""mixed transfer performance""},
    ""COC"": {""score"": 3, ""label"": ""strong performance consistency""},
    ""SMR"": {""score"": 3, ""label"": ""strong misconception resolution""},
    ""SEQ"": {""score"": 3, ""label"": ""strong explanation quality""},
    ""PC"": {""score"": 2, ""label"": ""mixed procedural completeness""},
    ""SSA"": {""score"": 3, ""label"": ""strong strategy selection""},
    ""SEC"": {""score"": 3, ""label"": ""strong error correction""},
    ""WCR"": {""score"": 3, ""label"": ""strong knowledge retention""},
    ""RP"": {""score"": 2, ""label"": ""mixed representation precision""},
    ""JEU"": {""score"": 3, ""label"": ""strong evidence use""},
    ""BCU"": {""score"": 3, ""label"": ""strong boundary understanding""},
    ""GPA"": {""score"": 2, ""label"": ""mixed generative production""},
    ""CC"": {""score"": 2, ""label"": ""mixed confidence calibration""}
  },
  ""achievement"": {
    ""probability"": 0.78
  }
}",,19.44,1
hbcmmrz,aprpukp,A16,56c1830743702099166e7d1d6063146e668e93057dc40632774ea1a9540c9f23,0.45,"{
  ""dimensions"": {
    ""ES"": {""score"": 2, ""label"": ""mixed final accuracy""},
    ""IRV"": {""score"": 2, ""label"": ""mixed reasoning validity""},
    ""LGC"": {""score"": 1, ""label"": ""weak objective coverage""},
    ""NTP"": {""score"": 1, ""label"": ""weak transfer performance""},
    ""COC"": {""score"": 2, ""label"": ""mixed performance consistency""},
    ""SMR"": {""score"": 2, ""label"": ""mixed misconception resolution""},
    ""SEQ"": {""score"": 1, ""label"": ""weak explanation quality""},
    ""PC"": {""score"": 1, ""label"": ""weak procedural completeness""},
    ""SSA"": {""score"": 1, ""label"": ""weak strategy selection""},
    ""SEC"": {""score"": 2, ""label"": ""mixed error correction""},
    ""WCR"": {""score"": 2, ""label"": ""mixed knowledge retention""},
    ""RP"": {""score"": 1, ""label"": ""weak representation precision""},
    ""JEU"": {""score"": 1, ""label"": ""weak evidence use""},
    ""BCU"": {""score"": 1, ""label"": ""weak boundary understanding""},
    ""GPA"": {""score"": 1, ""label"": ""weak generative production""},
    ""CC"": {""score"": 2, ""label"": ""mixed confidence calibration""}
  },
  ""achievement"": {
    ""probability"": 0.45
  }
}",,16.53,1
atcpqts,mvdrgom,A16,56c1830743702099166e7d1d6063146e668e93057dc40632774ea1a9540c9f23,0.75,"{
  ""dimensions"": {
    ""ES"": {""score"": 3, ""label"": ""strong final accuracy""},
    ""IRV"": {""score"": 3, ""label"": ""strong reasoning validity""},
    ""LGC"": {""score"": 3, ""label"": ""strong objective coverage""},
    ""NTP"": {""score"": 2, ""label"": ""mixed transfer performance""},
    ""COC"": {""score"": 2, ""label"": ""mixed performance consistency""},
    ""SMR"": {""score"": 3, ""label"": ""strong misconception resolution""},
    ""SEQ"": {""score"": 3, ""label"": ""strong explanation quality""},
    ""PC"": {""score"": 3, ""label"": ""strong procedural completeness""},
    ""SSA"": {""score"": 2, ""label"": ""mixed strategy selection""},
    ""SEC"": {""score"": 3, ""label"": ""strong error correction""},
    ""WCR"": {""score"": 3, ""label"": ""strong knowledge retention""},
    ""RP"": {""score"": 3, ""label"": ""strong representation precision""},
    ""JEU"": {""score"": 2, ""label"": ""mixed evidence use""},
    ""BCU"": {""score"": 1, ""label"": ""weak boundary understanding""},
    ""GPA"": {""score"": 2, ""label"": ""mixed generative production""},
    ""CC"": {""score"": 3, ""label"": ""strong confidence calibration""}
  },
  ""achievement"": {
    ""probability"": 0.75
  }
}",,19.46,1
gamtxfd,atvfdwy,A16,56c1830743702099166e7d1d6063146e668e93057dc40632774ea1a9540c9f23,0.75,"{
  ""dimensions"": {
    ""ES"": {""score"": 3, ""label"": ""strong final accuracy""},
    ""IRV"": {""score"": 2, ""label"": ""mixed reasoning validity""},
    ""LGC"": {""score"": 2, ""label"": ""mixed objective coverage""},
    ""NTP"": {""score"": 1, ""label"": ""weak transfer performance""},
    ""COC"": {""score"": 2, ""label"": ""mixed performance consistency""},
    ""SMR"": {""score"": 3, ""label"": ""strong misconception resolution""},
    ""SEQ"": {""score"": 2, ""label"": ""mixed explanation quality""},
    ""PC"": {""score"": 2, ""label"": ""mixed procedural completeness""},
    ""SSA"": {""score"": 2, ""label"": ""mixed strategy selection""},
    ""SEC"": {""score"": 3, ""label"": ""strong error correction""},
    ""WCR"": {""score"": 2, ""label"": ""mixed knowledge retention""},
    ""RP"": {""score"": 2, ""label"": ""mixed representation precision""},
    ""JEU"": {""score"": 2, ""label"": ""mixed evidence use""},
    ""BCU"": {""score"": 1, ""label"": ""weak boundary understanding""},
    ""GPA"": {""score"": 2, ""label"": ""mixed generative production""},
    ""CC"": {""score"": 2, ""label"": ""mixed confidence calibration""}
  },
  ""achievement"": {
    ""probability"": 0.75
  }
}",,16.96,1
gslurxf,ejedyoy,A16,56c1830743702099166e7d1d6063146e668e93057dc40632774ea1a9540c9f23,0.45,"{
  ""dimensions"": {
    ""ES"": {""score"": 3, ""label"": ""strong final accuracy""},
    ""IRV"": {""score"": 2, ""label"": ""mixed reasoning validity""},
    ""LGC"": {""score"": 1, ""label"": ""weak objective coverage""},
    ""NTP"": {""score"": 0, ""label"": ""minimal transfer performance""},
    ""COC"": {""score"": 2, ""label"": ""mixed performance consistency""},
    ""SMR"": {""score"": 3, ""label"": ""strong misconception resolution""},
    ""SEQ"": {""score"": 2, ""label"": ""mixed explanation quality""},
    ""PC"": {""score"": 2, ""label"": ""mixed procedural completeness""},
    ""SSA"": {""score"": 1, ""label"": ""weak strategy selection""},
    ""SEC"": {""score"": 3, ""label"": ""strong error correction""},
    ""WCR"": {""score"": 2, ""label"": ""mixed knowledge retention""},
    ""RP"": {""score"": 2, ""label"": ""mixed representation precision""},
    ""JEU"": {""score"": 1, ""label"": ""weak evidence use""},
    ""BCU"": {""score"": 0, ""label"": ""minimal boundary understanding""},
    ""GPA"": {""score"": 1, ""label"": ""weak generative production""},
    ""CC"": {""score"": 2, ""label"": ""mixed confidence calibration""}
  },
  ""achievement"": {
    ""probability"": 0.45
  }
}",,19.27,1
afylzjc,mrnbnbv,A16,56c1830743702099166e7d1d6063146e668e93057dc40632774ea1a9540c9f23,0.45,"{
  ""dimensions"": {
    ""ES"": {""score"": 2, ""label"": ""mixed final accuracy""},
    ""IRV"": {""score"": 1, ""label"": ""weak reasoning validity""},
    ""LGC"": {""score"": 2, ""label"": ""mixed objective coverage""},
    ""NTP"": {""score"": 0, ""label"": ""minimal transfer performance""},
    ""COC"": {""score"": 1, ""label"": ""weak performance consistency""},
    ""SMR"": {""score"": 2, ""label"": ""mixed misconception resolution""},
    ""SEQ"": {""score"": 1, ""label"": ""weak explanation quality""},
    ""PC"": {""score"": 1, ""label"": ""weak procedural completeness""},
    ""SSA"": {""score"": 1, ""label"": ""weak strategy selection""},
    ""SEC"": {""score"": 2, ""label"": ""mixed error correction""},
    ""WCR"": {""score"": 0, ""label"": ""minimal knowledge retention""},
    ""RP"": {""score"": 1, ""label"": ""weak representation precision""},
    ""JEU"": {""score"": 0, ""label"": ""minimal evidence use""},
    ""BCU"": {""score"": 1, ""label"": ""weak boundary understanding""},
    ""GPA"": {""score"": 0, ""label"": ""minimal generative production""},
    ""CC"": {""score"": 2, ""label"": ""mixed confidence calibration""}
  },
  ""achievement"": {
    ""probability"": 0.45
  }
}",,17.41,1
emptmah,fownkzg,A16,56c1830743702099166e7d1d6063146e668e93057dc40632774ea1a9540c9f23,0.35,"{
  ""dimensions"": {
    ""ES"": {""score"": 2, ""label"": ""mixed final accuracy""},
    ""IRV"": {""score"": 2, ""label"": ""mixed reasoning validity""},
    ""LGC"": {""score"": 1, ""label"": ""weak objective coverage""},
    ""NTP"": {""score"": 0, ""label"": ""minimal transfer performance""},
    ""COC"": {""score"": 1, ""label"": ""weak performance consistency""},
    ""SMR"": {""score"": 2, ""label"": ""mixed misconception resolution""},
    ""SEQ"": {""score"": 2, ""label"": ""mixed explanation quality""},
    ""PC"": {""score"": 1, ""label"": ""weak procedural completeness""},
    ""SSA"": {""score"": 1, ""label"": ""weak strategy selection""},
    ""SEC"": {""score"": 0, ""label"": ""minimal error correction""},
    ""WCR"": {""score"": 1, ""label"": ""weak knowledge retention""},
    ""RP"": {""score"": 2, ""label"": ""mixed representation precision""},
    ""JEU"": {""score"": 1, ""label"": ""weak evidence use""},
    ""BCU"": {""score"": 0, ""label"": ""minimal boundary understanding""},
    ""GPA"": {""score"": 1, ""label"": ""weak generative production""},
    ""CC"": {""score"": 2, ""label"": ""mixed confidence calibration""}
  },
  ""achievement"": {
    ""probability"": 0.35
  }
}",,17.16,1
ffhopot,kapzcmc,A16,56c1830743702099166e7d1d6063146e668e93057dc40632774ea1a9540c9f23,0.45,"{
  ""dimensions"": {
    ""ES"": {""score"": 2, ""label"": ""mixed final accuracy""},
    ""IRV"": {""score"": 2, ""label"": ""mixed reasoning validity""},
    ""LGC"": {""score"": 3, ""label"": ""strong objective coverage""},
    ""NTP"": {""score"": 1, ""label"": ""weak transfer performance""},
    ""COC"": {""score"": 2, ""label"": ""mixed performance consistency""},
    ""SMR"": {""score"": 2, ""label"": ""mixed misconception resolution""},
    ""SEQ"": {""score"": 2, ""label"": ""mixed explanation quality""},
    ""PC"": {""score"": 2, ""label"": ""mixed procedural completeness""},
    ""SSA"": {""score"": 1, ""label"": ""weak strategy selection""},
    ""SEC"": {""score"": 2, ""label"": ""mixed error correction""},
    ""WCR"": {""score"": 2, ""label"": ""mixed knowledge retention""},
    ""RP"": {""score"": 2, ""label"": ""mixed representation precision""},
    ""JEU"": {""score"": 1, ""label"": ""weak evidence use""},
    ""BCU"": {""score"": 1, ""label"": ""weak boundary understanding""},
    ""GPA"": {""score"": 1, ""label"": ""weak generative production""},
    ""CC"": {""score"": 2, ""label"": ""mixed confidence calibration""}
  },
  ""achievement"": {
    ""probability"": 0.45
  }
}",,17.58,1
djobcap,dbxeflv,A16,56c1830743702099166e7d1d6063146e668e93057dc40632774ea1a9540c9f23,0.75,"{
  ""dimensions"": {
    ""ES"": {""score"": 3, ""label"": ""strong final accuracy""},
    ""IRV"": {""score"": 2, ""label"": ""mixed reasoning validity""},
    ""LGC"": {""score"": 3, ""label"": ""strong objective coverage""},
    ""NTP"": {""score"": 2, ""label"": ""mixed transfer performance""},
    ""COC"": {""score"": 2, ""label"": ""mixed performance consistency""},
    ""SMR"": {""score"": 3, ""label"": ""strong misconception resolution""},
    ""SEQ"": {""score"": 2, ""label"": ""mixed explanation quality""},
    ""PC"": {""score"": 2, ""label"": ""mixed procedural completeness""},
    ""SSA"": {""score"": 2, ""label"": ""mixed strategy selection""},
    ""SEC"": {""score"": 3, ""label"": ""strong error correction""},
    ""WCR"": {""score"": 3, ""label"": ""strong knowledge retention""},
    ""RP"": {""score"": 2, ""label"": ""mixed representation precision""},
    ""JEU"": {""score"": 2, ""label"": ""mixed evidence use""},
    ""BCU"": {""score"": 1, ""label"": ""weak boundary understanding""},
    ""GPA"": {""score"": 2, ""label"": ""mixed generative production""},
    ""CC"": {""score"": 2, ""label"": ""mixed confidence calibration""}
  },
  ""achievement"": {
    ""probability"": 0.75
  }
}",,16.47,1
ivzucks,aezsuia,A16,56c1830743702099166e7d1d6063146e668e93057dc40632774ea1a9540c9f23,0.65,"{
  ""dimensions"": {
    ""ES"": {""score"": 2, ""label"": ""mixed final accuracy""},
    ""IRV"": {""score"": 2, ""label"": ""mixed reasoning validity""},
    ""LGC"": {""score"": 3, ""label"": ""strong objective coverage""},
    ""NTP"": {""score"": 1, ""label"": ""weak transfer performance""},
    ""COC"": {""score"": 2, ""label"": ""mixed performance consistency""},
    ""SMR"": {""score"": 2, ""label"": ""mixed misconception resolution""},
    ""SEQ"": {""score"": 1, ""label"": ""weak explanation quality""},
    ""PC"": {""score"": 2, ""label"": ""mixed procedural completeness""},
    ""SSA"": {""score"": 2, ""label"": ""mixed strategy selection""},
    ""SEC"": {""score"": 2, ""label"": ""mixed error correction""},
    ""WCR"": {""score"": 2, ""label"": ""mixed knowledge retention""},
    ""RP"": {""score"": 2, ""label"": ""mixed representation precision""},
    ""JEU"": {""score"": 1, ""label"": ""weak evidence use""},
    ""BCU"": {""score"": 2, ""label"": ""mixed boundary understanding""},
    ""GPA"": {""score"": 2, ""label"": ""mixed generative production""},
    ""CC"": {""score"": 2, ""label"": ""mixed confidence calibration""}
  },
  ""achievement"": {
    ""probability"": 0.65
  }
}",,15.82,1
btsgrvw,dajhwat,A16,56c1830743702099166e7d1d6063146e668e93057dc40632774ea1a9540c9f23,,"{
  ""dimensions"": {
    ""ES"": {""score"": null, ""label"": ""not observable""},
    ""IRV"": {""score"": null, ""label"": ""not observable""},
    ""LGC"": {""score"": null, ""label"": ""not observable""},
    ""NTP"": {""score"": null, ""label"": ""not observable""},
    ""COC"": {""score"": null, ""label"": ""not observable""},
    ""SMR"": {""score"": null, ""label"": ""not observable""},
    ""SEQ"": {""score"": null, ""label"": ""not observable""},
    ""PC"": {""score"": null, ""label"": ""not observable""},
    ""SSA"": {""score"": null, ""label"": ""not observable""},
    ""SEC"": {""score"": null, ""label"": ""not observable""},
    ""WCR"": {""score"": null, ""label"": ""not observable""},
    ""RP"": {""score"": null, ""label"": ""not observable""},
    ""JEU"": {""score"": null, ""label"": ""not observable""},
    ""BCU"": {""score"": null, ""label"": ""not observable""},
    ""GPA"": {""score"": null, ""label"": ""not observable""},
    ""CC"": {""score"": null, ""label"": ""not observable""}
  },
  ""achievement"": {
    ""probability"": null
  }
}",,17.67,1
gywxsvs,mpaavdj,A16,56c1830743702099166e7d1d6063146e668e93057dc40632774ea1a9540c9f23,0.65,"{
  ""dimensions"": {
    ""ES"": {""score"": 3, ""label"": ""strong final accuracy""},
    ""IRV"": {""score"": 2, ""label"": ""mixed reasoning validity""},
    ""LGC"": {""score"": 2, ""label"": ""mixed objective coverage""},
    ""NTP"": {""score"": 1, ""label"": ""weak transfer performance""},
    ""COC"": {""score"": 2, ""label"": ""mixed performance consistency""},
    ""SMR"": {""score"": 3, ""label"": ""strong misconception resolution""},
    ""SEQ"": {""score"": 1, ""label"": ""weak explanation quality""},
    ""PC"": {""score"": 2, ""label"": ""mixed procedural completeness""},
    ""SSA"": {""score"": 2, ""label"": ""mixed strategy selection""},
    ""SEC"": {""score"": 0, ""label"": ""minimal error correction""},
    ""WCR"": {""score"": 3, ""label"": ""strong knowledge retention""},
    ""RP"": {""score"": 2, ""label"": ""mixed representation precision""},
    ""JEU"": {""score"": 1, ""label"": ""weak evidence use""},
    ""BCU"": {""score"": 2, ""label"": ""mixed boundary understanding""},
    ""GPA"": {""score"": 1, ""label"": ""weak generative production""},
    ""CC"": {""score"": 2, ""label"": ""mixed confidence calibration""}
  },
  ""achievement"": {
    ""probability"": 0.65
  }
}",,16.65,1
lgpggqo,dpkjqyh,A16,56c1830743702099166e7d1d6063146e668e93057dc40632774ea1a9540c9f23,0.55,"{
  ""dimensions"": {
    ""ES"": {""score"": 2, ""label"": ""mixed final accuracy""},
    ""IRV"": {""score"": 2, ""label"": ""mixed reasoning validity""},
    ""LGC"": {""score"": 3, ""label"": ""strong objective coverage""},
    ""NTP"": {""score"": 1, ""label"": ""weak transfer performance""},
    ""COC"": {""score"": 2, ""label"": ""mixed performance consistency""},
    ""SMR"": {""score"": 3, ""label"": ""strong misconception resolution""},
    ""SEQ"": {""score"": 2, ""label"": ""mixed explanation quality""},
    ""PC"": {""score"": 1, ""label"": ""weak procedural completeness""},
    ""SSA"": {""score"": 2, ""label"": ""mixed strategy selection""},
    ""SEC"": {""score"": 3, ""label"": ""strong error correction""},
    ""WCR"": {""score"": 2, ""label"": ""mixed knowledge retention""},
    ""RP"": {""score"": 1, ""label"": ""weak representation precision""},
    ""JEU"": {""score"": 2, ""label"": ""mixed evidence use""},
    ""BCU"": {""score"": 1, ""label"": ""weak boundary understanding""},
    ""GPA"": {""score"": 1, ""label"": ""weak generative production""},
    ""CC"": {""score"": 2, ""label"": ""mixed confidence calibration""}
  },
  ""achievement"": {
    ""probability"": 0.55
  }
}",,17.61,1
crmwiwp,gcbuvuo,A16,56c1830743702099166e7d1d6063146e668e93057dc40632774ea1a9540c9f23,0.55,"{
  ""dimensions"": {
    ""ES"": {""score"": 2, ""label"": ""mixed final accuracy""},
    ""IRV"": {""score"": 2, ""label"": ""mixed reasoning validity""},
    ""LGC"": {""score"": 3, ""label"": ""strong objective coverage""},
    ""NTP"": {""score"": 1, ""label"": ""weak transfer performance""},
    ""COC"": {""score"": 1, ""label"": ""weak performance consistency""},
    ""SMR"": {""score"": 2, ""label"": ""mixed misconception resolution""},
    ""SEQ"": {""score"": 2, ""label"": ""mixed explanation quality""},
    ""PC"": {""score"": 2, ""label"": ""mixed procedural completeness""},
    ""SSA"": {""score"": 2, ""label"": ""mixed strategy selection""},
    ""SEC"": {""score"": 1, ""label"": ""weak error correction""},
    ""WCR"": {""score"": 2, ""label"": ""mixed knowledge retention""},
    ""RP"": {""score"": 2, ""label"": ""mixed representation precision""},
    ""JEU"": {""score"": 1, ""label"": ""weak evidence use""},
    ""BCU"": {""score"": 2, ""label"": ""mixed boundary understanding""},
    ""GPA"": {""score"": 2, ""label"": ""mixed generative production""},
    ""CC"": {""score"": 1, ""label"": ""weak confidence calibration""}
  },
  ""achievement"": {
    ""probability"": 0.55
  }
}",,17.88,1
cypchuv,kaqltfw,A16,56c1830743702099166e7d1d6063146e668e93057dc40632774ea1a9540c9f23,0.55,"{
  ""dimensions"": {
    ""ES"": {""score"": 2, ""label"": ""mixed final accuracy""},
    ""IRV"": {""score"": 2, ""label"": ""mixed reasoning validity""},
    ""LGC"": {""score"": 3, ""label"": ""strong objective coverage""},
    ""NTP"": {""score"": 1, ""label"": ""weak transfer performance""},
    ""COC"": {""score"": 2, ""label"": ""mixed performance consistency""},
    ""SMR"": {""score"": 2, ""label"": ""mixed misconception resolution""},
    ""SEQ"": {""score"": 2, ""label"": ""mixed explanation quality""},
    ""PC"": {""score"": 2, ""label"": ""mixed procedural completeness""},
    ""SSA"": {""score"": 2, ""label"": ""mixed strategy selection""},
    ""SEC"": {""score"": 1, ""label"": ""weak error correction""},
    ""WCR"": {""score"": 2, ""label"": ""mixed knowledge retention""},
    ""RP"": {""score"": 2, ""label"": ""mixed representation precision""},
    ""JEU"": {""score"": 1, ""label"": ""weak evidence use""},
    ""BCU"": {""score"": 2, ""label"": ""mixed boundary understanding""},
    ""GPA"": {""score"": 1, ""label"": ""weak generative production""},
    ""CC"": {""score"": 2, ""label"": ""mixed confidence calibration""}
  },
  ""achievement"": {
    ""probability"": 0.55
  }
}",,17.58,1
bvcfqxt,hvjqscv,A16,56c1830743702099166e7d1d6063146e668e93057dc40632774ea1a9540c9f23,0.35,"{
  ""dimensions"": {
    ""ES"": {""score"": 2, ""label"": ""mixed final accuracy""},
    ""IRV"": {""score"": 2, ""label"": ""mixed reasoning validity""},
    ""LGC"": {""score"": 1, ""label"": ""weak objective coverage""},
    ""NTP"": {""score"": 0, ""label"": ""minimal transfer performance""},
    ""COC"": {""score"": 1, ""label"": ""weak performance consistency""},
    ""SMR"": {""score"": 2, ""label"": ""mixed misconception resolution""},
    ""SEQ"": {""score"": 2, ""label"": ""mixed explanation quality""},
    ""PC"": {""score"": 1, ""label"": ""weak procedural completeness""},
    ""SSA"": {""score"": 1, ""label"": ""weak strategy selection""},
    ""SEC"": {""score"": 2, ""label"": ""mixed error correction""},
    ""WCR"": {""score"": 2, ""label"": ""mixed knowledge retention""},
    ""RP"": {""score"": 2, ""label"": ""mixed representation precision""},
    ""JEU"": {""score"": 1, ""label"": ""weak evidence use""},
    ""BCU"": {""score"": 1, ""label"": ""weak boundary understanding""},
    ""GPA"": {""score"": 1, ""label"": ""weak generative production""},
    ""CC"": {""score"": 2, ""label"": ""mixed confidence calibration""}
  },
  ""achievement"": {
    ""probability"": 0.35
  }
}",,17.1,1
dyibtmn,fuhpcwb,A16,56c1830743702099166e7d1d6063146e668e93057dc40632774ea1a9540c9f23,0.75,"{
  ""dimensions"": {
    ""ES"": {""score"": 3, ""label"": ""strong final accuracy""},
    ""IRV"": {""score"": 2, ""label"": ""mixed reasoning validity""},
    ""LGC"": {""score"": 3, ""label"": ""strong objective coverage""},
    ""NTP"": {""score"": 2, ""label"": ""mixed transfer performance""},
    ""COC"": {""score"": 2, ""label"": ""mixed performance consistency""},
    ""SMR"": {""score"": 3, ""label"": ""strong misconception resolution""},
    ""SEQ"": {""score"": 2, ""label"": ""mixed explanation quality""},
    ""PC"": {""score"": 3, ""label"": ""strong procedural completeness""},
    ""SSA"": {""score"": 3, ""label"": ""strong strategy selection""},
    ""SEC"": {""score"": 2, ""label"": ""mixed error correction""},
    ""WCR"": {""score"": 3, ""label"": ""strong knowledge retention""},
    ""RP"": {""score"": 2, ""label"": ""mixed representation precision""},
    ""JEU"": {""score"": 2, ""label"": ""mixed evidence use""},
    ""BCU"": {""score"": 2, ""label"": ""mixed boundary understanding""},
    ""GPA"": {""score"": 2, ""label"": ""mixed generative production""},
    ""CC"": {""score"": 3, ""label"": ""strong confidence calibration""}
  },
  ""achievement"": {
    ""probability"": 0.75
  }
}",,18.96,1
efzwljk,buluftd,A16,56c1830743702099166e7d1d6063146e668e93057dc40632774ea1a9540c9f23,0.65,"{
  ""dimensions"": {
    ""ES"": {""score"": 2, ""label"": ""mixed final accuracy""},
    ""IRV"": {""score"": 2, ""label"": ""mixed reasoning validity""},
    ""LGC"": {""score"": 3, ""label"": ""strong objective coverage""},
    ""NTP"": {""score"": 1, ""label"": ""weak transfer performance""},
    ""COC"": {""score"": 2, ""label"": ""mixed performance consistency""},
    ""SMR"": {""score"": 2, ""label"": ""mixed misconception resolution""},
    ""SEQ"": {""score"": 2, ""label"": ""mixed explanation quality""},
    ""PC"": {""score"": 2, ""label"": ""mixed procedural completeness""},
    ""SSA"": {""score"": 2, ""label"": ""mixed strategy selection""},
    ""SEC"": {""score"": 3, ""label"": ""strong error correction""},
    ""WCR"": {""score"": 2, ""label"": ""mixed knowledge retention""},
    ""RP"": {""score"": 1, ""label"": ""weak representation precision""},
    ""JEU"": {""score"": 2, ""label"": ""mixed evidence use""},
    ""BCU"": {""score"": 2, ""label"": ""mixed boundary understanding""},
    ""GPA"": {""score"": 1, ""label"": ""weak generative production""},
    ""CC"": {""score"": 2, ""label"": ""mixed confidence calibration""}
  },
  ""achievement"": {
    ""probability"": 0.65
  }
}",,16.06,1
amzefau,bjmbkbk,A16,56c1830743702099166e7d1d6063146e668e93057dc40632774ea1a9540c9f23,0.65,"{
  ""dimensions"": {
    ""ES"": {""score"": 2, ""label"": ""mixed final accuracy""},
    ""IRV"": {""score"": 2, ""label"": ""mixed reasoning validity""},
    ""LGC"": {""score"": 3, ""label"": ""strong objective coverage""},
    ""NTP"": {""score"": 1, ""label"": ""weak transfer performance""},
    ""COC"": {""score"": 2, ""label"": ""mixed performance consistency""},
    ""SMR"": {""score"": 3, ""label"": ""strong misconception resolution""},
    ""SEQ"": {""score"": 2, ""label"": ""mixed explanation quality""},
    ""PC"": {""score"": 2, ""label"": ""mixed procedural completeness""},
    ""SSA"": {""score"": 2, ""label"": ""mixed strategy selection""},
    ""SEC"": {""score"": 3, ""label"": ""strong error correction""},
    ""WCR"": {""score"": 2, ""label"": ""mixed knowledge retention""},
    ""RP"": {""score"": 1, ""label"": ""weak representation precision""},
    ""JEU"": {""score"": 2, ""label"": ""mixed evidence use""},
    ""BCU"": {""score"": 2, ""label"": ""mixed boundary understanding""},
    ""GPA"": {""score"": 2, ""label"": ""mixed generative production""},
    ""CC"": {""score"": 1, ""label"": ""weak confidence calibration""}
  },
  ""achievement"": {
    ""probability"": 0.65
  }
}",,19.37,1
ccqctgc,aasgyqv,A16,56c1830743702099166e7d1d6063146e668e93057dc40632774ea1a9540c9f23,0.75,"{
  ""dimensions"": {
    ""ES"": {""score"": 3, ""label"": ""strong final accuracy""},
    ""IRV"": {""score"": 2, ""label"": ""mixed reasoning validity""},
    ""LGC"": {""score"": 3, ""label"": ""strong objective coverage""},
    ""NTP"": {""score"": 2, ""label"": ""mixed transfer performance""},
    ""COC"": {""score"": 2, ""label"": ""mixed performance consistency""},
    ""SMR"": {""score"": 1, ""label"": ""weak misconception resolution""},
    ""SEQ"": {""score"": 2, ""label"": ""mixed explanation quality""},
    ""PC"": {""score"": 3, ""label"": ""strong procedural completeness""},
    ""SSA"": {""score"": 3, ""label"": ""strong strategy selection""},
    ""SEC"": {""score"": 1, ""label"": ""weak error correction""},
    ""WCR"": {""score"": 2, ""label"": ""mixed knowledge retention""},
    ""RP"": {""score"": 2, ""label"": ""mixed representation precision""},
    ""JEU"": {""score"": 2, ""label"": ""mixed evidence use""},
    ""BCU"": {""score"": 1, ""label"": ""weak boundary understanding""},
    ""GPA"": {""score"": 2, ""label"": ""mixed generative production""},
    ""CC"": {""score"": 2, ""label"": ""mixed confidence calibration""}
  },
  ""achievement"": {
    ""probability"": 0.75
  }
}",,19.07,1
dfyqxzq,euttpje,A16,56c1830743702099166e7d1d6063146e668e93057dc40632774ea1a9540c9f23,0.55,"{
  ""dimensions"": {
    ""ES"": {""score"": 2, ""label"": ""mixed final accuracy""},
    ""IRV"": {""score"": 2, ""label"": ""mixed reasoning validity""},
    ""LGC"": {""score"": 3, ""label"": ""strong objective coverage""},
    ""NTP"": {""score"": 1, ""label"": ""weak transfer performance""},
    ""COC"": {""score"": 2, ""label"": ""mixed performance consistency""},
    ""SMR"": {""score"": 2, ""label"": ""mixed misconception resolution""},
    ""SEQ"": {""score"": 2, ""label"": ""mixed explanation quality""},
    ""PC"": {""score"": 2, ""label"": ""mixed procedural completeness""},
    ""SSA"": {""score"": 1, ""label"": ""weak strategy selection""},
    ""SEC"": {""score"": 1, ""label"": ""weak error correction""},
    ""WCR"": {""score"": 3, ""label"": ""strong knowledge retention""},
    ""RP"": {""score"": 2, ""label"": ""mixed representation precision""},
    ""JEU"": {""score"": 2, ""label"": ""mixed evidence use""},
    ""BCU"": {""score"": 1, ""label"": ""weak boundary understanding""},
    ""GPA"": {""score"": 2, ""label"": ""mixed generative production""},
    ""CC"": {""score"": 2, ""label"": ""mixed confidence calibration""}
  },
  ""achievement"": {
    ""probability"": 0.55
  }
}",,17.64,1
gkefvhy,ikezgtf,A16,56c1830743702099166e7d1d6063146e668e93057dc40632774ea1a9540c9f23,0.45,"{
  ""dimensions"": {
    ""ES"": {""score"": 2, ""label"": ""mixed final accuracy""},
    ""IRV"": {""score"": 1, ""label"": ""weak reasoning validity""},
    ""LGC"": {""score"": 2, ""label"": ""mixed objective coverage""},
    ""NTP"": {""score"": 0, ""label"": ""minimal transfer performance""},
    ""COC"": {""score"": 1, ""label"": ""weak performance consistency""},
    ""SMR"": {""score"": 2, ""label"": ""mixed misconception resolution""},
    ""SEQ"": {""score"": 1, ""label"": ""weak explanation quality""},
    ""PC"": {""score"": 1, ""label"": ""weak procedural completeness""},
    ""SSA"": {""score"": 1, ""label"": ""weak strategy selection""},
    ""SEC"": {""score"": 2, ""label"": ""mixed error correction""},
    ""WCR"": {""score"": 2, ""label"": ""mixed knowledge retention""},
    ""RP"": {""score"": 1, ""label"": ""weak representation precision""},
    ""JEU"": {""score"": 0, ""label"": ""minimal evidence use""},
    ""BCU"": {""score"": 1, ""label"": ""weak boundary understanding""},
    ""GPA"": {""score"": 1, ""label"": ""weak generative production""},
    ""CC"": {""score"": 2, ""label"": ""mixed confidence calibration""}
  },
  ""achievement"": {
    ""probability"": 0.45
  }
}",,17.53,1
kvmznke,mljalxj,A16,56c1830743702099166e7d1d6063146e668e93057dc40632774ea1a9540c9f23,0.35,"{
  ""dimensions"": {
    ""ES"": {""score"": 1, ""label"": ""weak final accuracy""},
    ""IRV"": {""score"": 1, ""label"": ""weak reasoning validity""},
    ""LGC"": {""score"": 2, ""label"": ""mixed objective coverage""},
    ""NTP"": {""score"": 0, ""label"": ""minimal transfer performance""},
    ""COC"": {""score"": 1, ""label"": ""weak performance consistency""},
    ""SMR"": {""score"": 2, ""label"": ""mixed misconception resolution""},
    ""SEQ"": {""score"": 1, ""label"": ""weak explanation quality""},
    ""PC"": {""score"": 1, ""label"": ""weak procedural completeness""},
    ""SSA"": {""score"": 0, ""label"": ""minimal strategy selection""},
    ""SEC"": {""score"": 2, ""label"": ""mixed error correction""},
    ""WCR"": {""score"": 2, ""label"": ""mixed knowledge retention""},
    ""RP"": {""score"": 1, ""label"": ""weak representation precision""},
    ""JEU"": {""score"": 0, ""label"": ""minimal evidence use""},
    ""BCU"": {""score"": 1, ""label"": ""weak boundary understanding""},
    ""GPA"": {""score"": 0, ""label"": ""minimal generative production""},
    ""CC"": {""score"": 2, ""label"": ""mixed confidence calibration""}
  },
  ""achievement"": {
    ""probability"": 0.35
  }
}",,19.78,1
mlvevgx,jgqsveu,A16,56c1830743702099166e7d1d6063146e668e93057dc40632774ea1a9540c9f23,0.55,"{
  ""dimensions"": {
    ""ES"": {""score"": 2, ""label"": ""mixed final accuracy""},
    ""IRV"": {""score"": 2, ""label"": ""mixed reasoning validity""},
    ""LGC"": {""score"": 3, ""label"": ""strong objective coverage""},
    ""NTP"": {""score"": 2, ""label"": ""mixed transfer performance""},
    ""COC"": {""score"": 1, ""label"": ""weak performance consistency""},
    ""SMR"": {""score"": 2, ""label"": ""mixed misconception resolution""},
    ""SEQ"": {""score"": 2, ""label"": ""mixed explanation quality""},
    ""PC"": {""score"": 2, ""label"": ""mixed procedural completeness""},
    ""SSA"": {""score"": 3, ""label"": ""strong strategy selection""},
    ""SEC"": {""score"": 1, ""label"": ""weak error correction""},
    ""WCR"": {""score"": 2, ""label"": ""mixed knowledge retention""},
    ""RP"": {""score"": 2, ""label"": ""mixed representation precision""},
    ""JEU"": {""score"": 2, ""label"": ""mixed evidence use""},
    ""BCU"": {""score"": 1, ""label"": ""weak boundary understanding""},
    ""GPA"": {""score"": 2, ""label"": ""mixed generative production""},
    ""CC"": {""score"": 2, ""label"": ""mixed confidence calibration""}
  },
  ""achievement"": {
    ""probability"": 0.55
  }
}",,17.65,1
dompvyd,hvtmrcb,A16,56c1830743702099166e7d1d6063146e668e93057dc40632774ea1a9540c9f23,0.75,"{
  ""dimensions"": {
    ""ES"": {""score"": 3, ""label"": ""strong final accuracy""},
    ""IRV"": {""score"": 2, ""label"": ""mixed reasoning validity""},
    ""LGC"": {""score"": 3, ""label"": ""strong objective coverage""},
    ""NTP"": {""score"": 2, ""label"": ""mixed transfer performance""},
    ""COC"": {""score"": 2, ""label"": ""mixed performance consistency""},
    ""SMR"": {""score"": 3, ""label"": ""strong misconception resolution""},
    ""SEQ"": {""score"": 2, ""label"": ""mixed explanation quality""},
    ""PC"": {""score"": 2, ""label"": ""mixed procedural completeness""},
    ""SSA"": {""score"": 2, ""label"": ""mixed strategy selection""},
    ""SEC"": {""score"": 3, ""label"": ""strong error correction""},
    ""WCR"": {""score"": 3, ""label"": ""strong knowledge retention""},
    ""RP"": {""score"": 2, ""label"": ""mixed representation precision""},
    ""JEU"": {""score"": 2, ""label"": ""mixed evidence use""},
    ""BCU"": {""score"": 2, ""label"": ""mixed boundary understanding""},
    ""GPA"": {""score"": 2, ""label"": ""mixed generative production""},
    ""CC"": {""score"": 1, ""label"": ""weak confidence calibration""}
  },
  ""achievement"": {
    ""probability"": 0.75
  }
}",,19.3,1
krwqgst,fakxffb,A16,56c1830743702099166e7d1d6063146e668e93057dc40632774ea1a9540c9f23,0.65,"{
  ""dimensions"": {
    ""ES"": {""score"": 3, ""label"": ""strong final accuracy""},
    ""IRV"": {""score"": 2, ""label"": ""mixed reasoning validity""},
    ""LGC"": {""score"": 2, ""label"": ""mixed objective coverage""},
    ""NTP"": {""score"": 1, ""label"": ""weak transfer performance""},
    ""COC"": {""score"": 2, ""label"": ""mixed performance consistency""},
    ""SMR"": {""score"": 3, ""label"": ""strong misconception resolution""},
    ""SEQ"": {""score"": 2, ""label"": ""mixed explanation quality""},
    ""PC"": {""score"": 2, ""label"": ""mixed procedural completeness""},
    ""SSA"": {""score"": 1, ""label"": ""weak strategy selection""},
    ""SEC"": {""score"": 3, ""label"": ""strong error correction""},
    ""WCR"": {""score"": 2, ""label"": ""mixed knowledge retention""},
    ""RP"": {""score"": 2, ""label"": ""mixed representation precision""},
    ""JEU"": {""score"": 2, ""label"": ""mixed evidence use""},
    ""BCU"": {""score"": 1, ""label"": ""weak boundary understanding""},
    ""GPA"": {""score"": 2, ""label"": ""mixed generative production""},
    ""CC"": {""score"": 1, ""label"": ""weak confidence calibration""}
  },
  ""achievement"": {
    ""probability"": 0.65
  }
}",,13.93,1
bvcgjmn,hecgnna,A16,56c1830743702099166e7d1d6063146e668e93057dc40632774ea1a9540c9f23,0.55,"{
  ""dimensions"": {
    ""ES"": {""score"": 2, ""label"": ""mixed final accuracy""},
    ""IRV"": {""score"": 2, ""label"": ""mixed reasoning validity""},
    ""LGC"": {""score"": 3, ""label"": ""strong objective coverage""},
    ""NTP"": {""score"": 1, ""label"": ""weak transfer performance""},
    ""COC"": {""score"": 2, ""label"": ""mixed performance consistency""},
    ""SMR"": {""score"": 2, ""label"": ""mixed misconception resolution""},
    ""SEQ"": {""score"": 2, ""label"": ""mixed explanation quality""},
    ""PC"": {""score"": 2, ""label"": ""mixed procedural completeness""},
    ""SSA"": {""score"": 2, ""label"": ""mixed strategy selection""},
    ""SEC"": {""score"": 1, ""label"": ""weak error correction""},
    ""WCR"": {""score"": 2, ""label"": ""mixed knowledge retention""},
    ""RP"": {""score"": 2, ""label"": ""mixed representation precision""},
    ""JEU"": {""score"": 2, ""label"": ""mixed evidence use""},
    ""BCU"": {""score"": 1, ""label"": ""weak boundary understanding""},
    ""GPA"": {""score"": 2, ""label"": ""mixed generative production""},
    ""CC"": {""score"": 2, ""label"": ""mixed confidence calibration""}
  },
  ""achievement"": {
    ""probability"": 0.55
  }
}",,17.2,1
aepfvaj,eqoknie,A16,56c1830743702099166e7d1d6063146e668e93057dc40632774ea1a9540c9f23,0.35,"{
  ""dimensions"": {
    ""ES"": {""score"": 1, ""label"": ""weak final accuracy""},
    ""IRV"": {""score"": 1, ""label"": ""weak reasoning validity""},
    ""LGC"": {""score"": 2, ""label"": ""mixed objective coverage""},
    ""NTP"": {""score"": 0, ""label"": ""minimal transfer performance""},
    ""COC"": {""score"": 1, ""label"": ""weak performance consistency""},
    ""SMR"": {""score"": 2, ""label"": ""mixed misconception resolution""},
    ""SEQ"": {""score"": 1, ""label"": ""weak explanation quality""},
    ""PC"": {""score"": 1, ""label"": ""weak procedural completeness""},
    ""SSA"": {""score"": 0, ""label"": ""minimal strategy selection""},
    ""SEC"": {""score"": 2, ""label"": ""mixed error correction""},
    ""WCR"": {""score"": 1, ""label"": ""weak knowledge retention""},
    ""RP"": {""score"": 1, ""label"": ""weak representation precision""},
    ""JEU"": {""score"": 0, ""label"": ""minimal evidence use""},
    ""BCU"": {""score"": 1, ""label"": ""weak boundary understanding""},
    ""GPA"": {""score"": 0, ""label"": ""minimal generative production""},
    ""CC"": {""score"": 2, ""label"": ""mixed confidence calibration""}
  },
  ""achievement"": {
    ""probability"": 0.35
  }
}",,17.25,1
mgtntwl,mjsnlfi,A16,56c1830743702099166e7d1d6063146e668e93057dc40632774ea1a9540c9f23,0.75,"{
  ""dimensions"": {
    ""ES"": {""score"": 3, ""label"": ""strong final accuracy""},
    ""IRV"": {""score"": 3, ""label"": ""strong reasoning validity""},
    ""LGC"": {""score"": 2, ""label"": ""mixed objective coverage""},
    ""NTP"": {""score"": 1, ""label"": ""weak transfer performance""},
    ""COC"": {""score"": 2, ""label"": ""mixed performance consistency""},
    ""SMR"": {""score"": 3, ""label"": ""strong misconception resolution""},
    ""SEQ"": {""score"": 3, ""label"": ""strong explanation quality""},
    ""PC"": {""score"": 2, ""label"": ""mixed procedural completeness""},
    ""SSA"": {""score"": 2, ""label"": ""mixed strategy selection""},
    ""SEC"": {""score"": 3, ""label"": ""strong error correction""},
    ""WCR"": {""score"": 3, ""label"": ""strong knowledge retention""},
    ""RP"": {""score"": 2, ""label"": ""mixed representation precision""},
    ""JEU"": {""score"": 2, ""label"": ""mixed evidence use""},
    ""BCU"": {""score"": 1, ""label"": ""weak boundary understanding""},
    ""GPA"": {""score"": 2, ""label"": ""mixed generative production""},
    ""CC"": {""score"": 3, ""label"": ""strong confidence calibration""}
  },
  ""achievement"": {
    ""probability"": 0.75
  }
}",,17.98,1
feobuof,ghvcxqk,A16,56c1830743702099166e7d1d6063146e668e93057dc40632774ea1a9540c9f23,0.55,"{
  ""dimensions"": {
    ""ES"": {""score"": 2, ""label"": ""mixed final accuracy""},
    ""IRV"": {""score"": 2, ""label"": ""mixed reasoning validity""},
    ""LGC"": {""score"": 3, ""label"": ""strong objective coverage""},
    ""NTP"": {""score"": 1, ""label"": ""weak transfer performance""},
    ""COC"": {""score"": 2, ""label"": ""mixed performance consistency""},
    ""SMR"": {""score"": 2, ""label"": ""mixed misconception resolution""},
    ""SEQ"": {""score"": 2, ""label"": ""mixed explanation quality""},
    ""PC"": {""score"": 2, ""label"": ""mixed procedural completeness""},
    ""SSA"": {""score"": 1, ""label"": ""weak strategy selection""},
    ""SEC"": {""score"": 1, ""label"": ""weak error correction""},
    ""WCR"": {""score"": 2, ""label"": ""mixed knowledge retention""},
    ""RP"": {""score"": 1, ""label"": ""weak representation precision""},
    ""JEU"": {""score"": 1, ""label"": ""weak evidence use""},
    ""BCU"": {""score"": 1, ""label"": ""weak boundary understanding""},
    ""GPA"": {""score"": 2, ""label"": ""mixed generative production""},
    ""CC"": {""score"": 1, ""label"": ""weak confidence calibration""}
  },
  ""achievement"": {
    ""probability"": 0.55
  }
}",,16.67,1
makjkku,izxtnqe,A16,56c1830743702099166e7d1d6063146e668e93057dc40632774ea1a9540c9f23,0.45,"{
  ""dimensions"": {
    ""ES"": {""score"": 2, ""label"": ""mixed final accuracy""},
    ""IRV"": {""score"": 1, ""label"": ""weak reasoning validity""},
    ""LGC"": {""score"": 2, ""label"": ""mixed objective coverage""},
    ""NTP"": {""score"": 1, ""label"": ""weak transfer performance""},
    ""COC"": {""score"": 1, ""label"": ""weak performance consistency""},
    ""SMR"": {""score"": 2, ""label"": ""mixed misconception resolution""},
    ""SEQ"": {""score"": 1, ""label"": ""weak explanation quality""},
    ""PC"": {""score"": 2, ""label"": ""mixed procedural completeness""},
    ""SSA"": {""score"": 1, ""label"": ""weak strategy selection""},
    ""SEC"": {""score"": 0, ""label"": ""minimal error correction""},
    ""WCR"": {""score"": 2, ""label"": ""mixed knowledge retention""},
    ""RP"": {""score"": 1, ""label"": ""weak representation precision""},
    ""JEU"": {""score"": 1, ""label"": ""weak evidence use""},
    ""BCU"": {""score"": 1, ""label"": ""weak boundary understanding""},
    ""GPA"": {""score"": 1, ""label"": ""weak generative production""},
    ""CC"": {""score"": 2, ""label"": ""mixed confidence calibration""}
  },
  ""achievement"": {
    ""probability"": 0.45
  }
}",,17.65,1
dwqgkhy,druvekb,A16,56c1830743702099166e7d1d6063146e668e93057dc40632774ea1a9540c9f23,0.65,"{
  ""dimensions"": {
    ""ES"": {""score"": 2, ""label"": ""mixed final accuracy""},
    ""IRV"": {""score"": 2, ""label"": ""mixed reasoning validity""},
    ""LGC"": {""score"": 3, ""label"": ""strong objective coverage""},
    ""NTP"": {""score"": 1, ""label"": ""weak transfer performance""},
    ""COC"": {""score"": 2, ""label"": ""mixed performance consistency""},
    ""SMR"": {""score"": 2, ""label"": ""mixed misconception resolution""},
    ""SEQ"": {""score"": 3, ""label"": ""strong explanation quality""},
    ""PC"": {""score"": 2, ""label"": ""mixed procedural completeness""},
    ""SSA"": {""score"": 2, ""label"": ""mixed strategy selection""},
    ""SEC"": {""score"": 1, ""label"": ""weak error correction""},
    ""WCR"": {""score"": 3, ""label"": ""strong knowledge retention""},
    ""RP"": {""score"": 2, ""label"": ""mixed representation precision""},
    ""JEU"": {""score"": 2, ""label"": ""mixed evidence use""},
    ""BCU"": {""score"": 1, ""label"": ""weak boundary understanding""},
    ""GPA"": {""score"": 2, ""label"": ""mixed generative production""},
    ""CC"": {""score"": 1, ""label"": ""weak confidence calibration""}
  },
  ""achievement"": {
    ""probability"": 0.65
  }
}",,20.32,1
iwykwvx,hnyealg,A16,56c1830743702099166e7d1d6063146e668e93057dc40632774ea1a9540c9f23,0.55,"{
  ""dimensions"": {
    ""ES"": {""score"": 2, ""label"": ""mixed final accuracy""},
    ""IRV"": {""score"": 2, ""label"": ""mixed reasoning validity""},
    ""LGC"": {""score"": 3, ""label"": ""strong objective coverage""},
    ""NTP"": {""score"": 1, ""label"": ""weak transfer performance""},
    ""COC"": {""score"": 2, ""label"": ""mixed performance consistency""},
    ""SMR"": {""score"": 2, ""label"": ""mixed misconception resolution""},
    ""SEQ"": {""score"": 2, ""label"": ""mixed explanation quality""},
    ""PC"": {""score"": 2, ""label"": ""mixed procedural completeness""},
    ""SSA"": {""score"": 2, ""label"": ""mixed strategy selection""},
    ""SEC"": {""score"": 1, ""label"": ""weak error correction""},
    ""WCR"": {""score"": 2, ""label"": ""mixed knowledge retention""},
    ""RP"": {""score"": 2, ""label"": ""mixed representation precision""},
    ""JEU"": {""score"": 2, ""label"": ""mixed evidence use""},
    ""BCU"": {""score"": 1, ""label"": ""weak boundary understanding""},
    ""GPA"": {""score"": 2, ""label"": ""mixed generative production""},
    ""CC"": {""score"": 2, ""label"": ""mixed confidence calibration""}
  },
  ""achievement"": {
    ""probability"": 0.55
  }
}",,15.64,1
fzoxnca,boayflb,A16,56c1830743702099166e7d1d6063146e668e93057dc40632774ea1a9540c9f23,0.65,"{
  ""dimensions"": {
    ""ES"": {""score"": 2, ""label"": ""mixed final accuracy""},
    ""IRV"": {""score"": 2, ""label"": ""mixed reasoning validity""},
    ""LGC"": {""score"": 3, ""label"": ""strong objective coverage""},
    ""NTP"": {""score"": 1, ""label"": ""weak transfer performance""},
    ""COC"": {""score"": 2, ""label"": ""mixed performance consistency""},
    ""SMR"": {""score"": 2, ""label"": ""mixed misconception resolution""},
    ""SEQ"": {""score"": 2, ""label"": ""mixed explanation quality""},
    ""PC"": {""score"": 2, ""label"": ""mixed procedural completeness""},
    ""SSA"": {""score"": 2, ""label"": ""mixed strategy selection""},
    ""SEC"": {""score"": 1, ""label"": ""weak error correction""},
    ""WCR"": {""score"": 3, ""label"": ""strong knowledge retention""},
    ""RP"": {""score"": 2, ""label"": ""mixed representation precision""},
    ""JEU"": {""score"": 2, ""label"": ""mixed evidence use""},
    ""BCU"": {""score"": 1, ""label"": ""weak boundary understanding""},
    ""GPA"": {""score"": 2, ""label"": ""mixed generative production""},
    ""CC"": {""score"": 2, ""label"": ""mixed confidence calibration""}
  },
  ""achievement"": {
    ""probability"": 0.65
  }
}",,18.72,1
eodewmn,fdrxfif,A16,56c1830743702099166e7d1d6063146e668e93057dc40632774ea1a9540c9f23,0.35,"{
  ""dimensions"": {
    ""ES"": {""score"": 1, ""label"": ""weak final accuracy""},
    ""IRV"": {""score"": 1, ""label"": ""weak reasoning validity""},
    ""LGC"": {""score"": 2, ""label"": ""mixed objective coverage""},
    ""NTP"": {""score"": null, ""label"": ""not observable""},
    ""COC"": {""score"": 1, ""label"": ""weak performance consistency""},
    ""SMR"": {""score"": 1, ""label"": ""weak misconception resolution""},
    ""SEQ"": {""score"": 1, ""label"": ""weak explanation quality""},
    ""PC"": {""score"": 1, ""label"": ""weak procedural completeness""},
    ""SSA"": {""score"": 1, ""label"": ""weak strategy selection""},
    ""SEC"": {""score"": 2, ""label"": ""mixed error correction""},
    ""WCR"": {""score"": 1, ""label"": ""weak knowledge retention""},
    ""RP"": {""score"": 1, ""label"": ""weak representation precision""},
    ""JEU"": {""score"": 0, ""label"": ""minimal evidence use""},
    ""BCU"": {""score"": null, ""label"": ""not observable""},
    ""GPA"": {""score"": 1, ""label"": ""weak generative production""},
    ""CC"": {""score"": 2, ""label"": ""mixed confidence calibration""}
  },
  ""achievement"": {
    ""probability"": 0.35
  }
}",,17.97,1
dxwweug,mnbcozv,A16,56c1830743702099166e7d1d6063146e668e93057dc40632774ea1a9540c9f23,0.55,"{
  ""dimensions"": {
    ""ES"": {""score"": 2, ""label"": ""mixed final accuracy""},
    ""IRV"": {""score"": 2, ""label"": ""mixed reasoning validity""},
    ""LGC"": {""score"": 3, ""label"": ""strong objective coverage""},
    ""NTP"": {""score"": 1, ""label"": ""weak transfer performance""},
    ""COC"": {""score"": 1, ""label"": ""weak performance consistency""},
    ""SMR"": {""score"": 2, ""label"": ""mixed misconception resolution""},
    ""SEQ"": {""score"": 2, ""label"": ""mixed explanation quality""},
    ""PC"": {""score"": 2, ""label"": ""mixed procedural completeness""},
    ""SSA"": {""score"": 2, ""label"": ""mixed strategy selection""},
    ""SEC"": {""score"": 3, ""label"": ""strong error correction""},
    ""WCR"": {""score"": 1, ""label"": ""weak knowledge retention""},
    ""RP"": {""score"": 2, ""label"": ""mixed representation precision""},
    ""JEU"": {""score"": 2, ""label"": ""mixed evidence use""},
    ""BCU"": {""score"": 1, ""label"": ""weak boundary understanding""},
    ""GPA"": {""score"": 2, ""label"": ""mixed generative production""},
    ""CC"": {""score"": 1, ""label"": ""weak confidence calibration""}
  },
  ""achievement"": {
    ""probability"": 0.55
  }
}",,18.06,1
gzblekb,ccnesdy,A16,56c1830743702099166e7d1d6063146e668e93057dc40632774ea1a9540c9f23,0.65,"{
  ""dimensions"": {
    ""ES"": {""score"": 2, ""label"": ""mixed final accuracy""},
    ""IRV"": {""score"": 2, ""label"": ""mixed reasoning validity""},
    ""LGC"": {""score"": 3, ""label"": ""strong objective coverage""},
    ""NTP"": {""score"": 1, ""label"": ""weak transfer performance""},
    ""COC"": {""score"": 2, ""label"": ""mixed performance consistency""},
    ""SMR"": {""score"": 3, ""label"": ""strong misconception resolution""},
    ""SEQ"": {""score"": 2, ""label"": ""mixed explanation quality""},
    ""PC"": {""score"": 2, ""label"": ""mixed procedural completeness""},
    ""SSA"": {""score"": 2, ""label"": ""mixed strategy selection""},
    ""SEC"": {""score"": 3, ""label"": ""strong error correction""},
    ""WCR"": {""score"": 2, ""label"": ""mixed knowledge retention""},
    ""RP"": {""score"": 2, ""label"": ""mixed representation precision""},
    ""JEU"": {""score"": 1, ""label"": ""weak evidence use""},
    ""BCU"": {""score"": 3, ""label"": ""strong boundary understanding""},
    ""GPA"": {""score"": 2, ""label"": ""mixed generative production""},
    ""CC"": {""score"": 2, ""label"": ""mixed confidence calibration""}
  },
  ""achievement"": {
    ""probability"": 0.65
  }
}",,17.07,1
iehkgsd,nloaqpp,A16,56c1830743702099166e7d1d6063146e668e93057dc40632774ea1a9540c9f23,0.45,"{
  ""dimensions"": {
    ""ES"": {""score"": 2, ""label"": ""mixed final accuracy""},
    ""IRV"": {""score"": 1, ""label"": ""weak reasoning validity""},
    ""LGC"": {""score"": 3, ""label"": ""strong objective coverage""},
    ""NTP"": {""score"": 1, ""label"": ""weak transfer performance""},
    ""COC"": {""score"": 2, ""label"": ""mixed performance consistency""},
    ""SMR"": {""score"": 2, ""label"": ""mixed misconception resolution""},
    ""SEQ"": {""score"": 1, ""label"": ""weak explanation quality""},
    ""PC"": {""score"": 2, ""label"": ""mixed procedural completeness""},
    ""SSA"": {""score"": 2, ""label"": ""mixed strategy selection""},
    ""SEC"": {""score"": 1, ""label"": ""weak error correction""},
    ""WCR"": {""score"": 2, ""label"": ""mixed knowledge retention""},
    ""RP"": {""score"": 2, ""label"": ""mixed representation precision""},
    ""JEU"": {""score"": 1, ""label"": ""weak evidence use""},
    ""BCU"": {""score"": 1, ""label"": ""weak boundary understanding""},
    ""GPA"": {""score"": 1, ""label"": ""weak generative production""},
    ""CC"": {""score"": 2, ""label"": ""mixed confidence calibration""}
  },
  ""achievement"": {
    ""probability"": 0.45
  }
}",,19.34,1
hdfenmh,enzxozt,A16,56c1830743702099166e7d1d6063146e668e93057dc40632774ea1a9540c9f23,0.45,"{
  ""dimensions"": {
    ""ES"": {""score"": 2, ""label"": ""mixed final accuracy""},
    ""IRV"": {""score"": 1, ""label"": ""weak reasoning validity""},
    ""LGC"": {""score"": 2, ""label"": ""mixed objective coverage""},
    ""NTP"": {""score"": 1, ""label"": ""weak transfer performance""},
    ""COC"": {""score"": 1, ""label"": ""weak performance consistency""},
    ""SMR"": {""score"": 2, ""label"": ""mixed misconception resolution""},
    ""SEQ"": {""score"": 1, ""label"": ""weak explanation quality""},
    ""PC"": {""score"": 1, ""label"": ""weak procedural completeness""},
    ""SSA"": {""score"": 1, ""label"": ""weak strategy selection""},
    ""SEC"": {""score"": 2, ""label"": ""mixed error correction""},
    ""WCR"": {""score"": 2, ""label"": ""mixed knowledge retention""},
    ""RP"": {""score"": 1, ""label"": ""weak representation precision""},
    ""JEU"": {""score"": 1, ""label"": ""weak evidence use""},
    ""BCU"": {""score"": 1, ""label"": ""weak boundary understanding""},
    ""GPA"": {""score"": 1, ""label"": ""weak generative production""},
    ""CC"": {""score"": 2, ""label"": ""mixed confidence calibration""}
  },
  ""achievement"": {
    ""probability"": 0.45
  }
}",,19.5,1
gkkbntc,jkxshag,A16,56c1830743702099166e7d1d6063146e668e93057dc40632774ea1a9540c9f23,0.35,"{
  ""dimensions"": {
    ""ES"": {""score"": 2, ""label"": ""mixed final accuracy""},
    ""IRV"": {""score"": 1, ""label"": ""weak reasoning validity""},
    ""LGC"": {""score"": 2, ""label"": ""mixed objective coverage""},
    ""NTP"": {""score"": 0, ""label"": ""minimal transfer performance""},
    ""COC"": {""score"": 1, ""label"": ""weak performance consistency""},
    ""SMR"": {""score"": 2, ""label"": ""mixed misconception resolution""},
    ""SEQ"": {""score"": 2, ""label"": ""mixed explanation quality""},
    ""PC"": {""score"": 1, ""label"": ""weak procedural completeness""},
    ""SSA"": {""score"": 0, ""label"": ""minimal strategy selection""},
    ""SEC"": {""score"": 1, ""label"": ""weak error correction""},
    ""WCR"": {""score"": 2, ""label"": ""mixed knowledge retention""},
    ""RP"": {""score"": 1, ""label"": ""weak representation precision""},
    ""JEU"": {""score"": 0, ""label"": ""minimal evidence use""},
    ""BCU"": {""score"": 1, ""label"": ""weak boundary understanding""},
    ""GPA"": {""score"": 0, ""label"": ""minimal generative production""},
    ""CC"": {""score"": 2, ""label"": ""mixed confidence calibration""}
  },
  ""achievement"": {
    ""probability"": 0.35
  }
}",,18.08,1
ndtoupf,cvezjol,A16,56c1830743702099166e7d1d6063146e668e93057dc40632774ea1a9540c9f23,,"{
  ""dimensions"": {
    ""ES"": {""score"": null, ""label"": ""not observable""},
    ""IRV"": {""score"": null, ""label"": ""not observable""},
    ""LGC"": {""score"": null, ""label"": ""not observable""},
    ""NTP"": {""score"": null, ""label"": ""not observable""},
    ""COC"": {""score"": null, ""label"": ""not observable""},
    ""SMR"": {""score"": null, ""label"": ""not observable""},
    ""SEQ"": {""score"": null, ""label"": ""not observable""},
    ""PC"": {""score"": null, ""label"": ""not observable""},
    ""SSA"": {""score"": null, ""label"": ""not observable""},
    ""SEC"": {""score"": null, ""label"": ""not observable""},
    ""WCR"": {""score"": null, ""label"": ""not observable""},
    ""RP"": {""score"": null, ""label"": ""not observable""},
    ""JEU"": {""score"": null, ""label"": ""not observable""},
    ""BCU"": {""score"": null, ""label"": ""not observable""},
    ""GPA"": {""score"": null, ""label"": ""not observable""},
    ""CC"": {""score"": null, ""label"": ""not observable""}
  },
  ""achievement"": {
    ""probability"": null
  }
}",,13.27,1
ipasimy,ermsqmw,A16,56c1830743702099166e7d1d6063146e668e93057dc40632774ea1a9540c9f23,0.55,"{
  ""dimensions"": {
    ""ES"": {""score"": 2, ""label"": ""mixed final accuracy""},
    ""IRV"": {""score"": 2, ""label"": ""mixed reasoning validity""},
    ""LGC"": {""score"": 3, ""label"": ""strong objective coverage""},
    ""NTP"": {""score"": 1, ""label"": ""weak transfer performance""},
    ""COC"": {""score"": 2, ""label"": ""mixed performance consistency""},
    ""SMR"": {""score"": 2, ""label"": ""mixed misconception resolution""},
    ""SEQ"": {""score"": 2, ""label"": ""mixed explanation quality""},
    ""PC"": {""score"": 2, ""label"": ""mixed procedural completeness""},
    ""SSA"": {""score"": 2, ""label"": ""mixed strategy selection""},
    ""SEC"": {""score"": 1, ""label"": ""weak error correction""},
    ""WCR"": {""score"": 2, ""label"": ""mixed knowledge retention""},
    ""RP"": {""score"": 2, ""label"": ""mixed representation precision""},
    ""JEU"": {""score"": 1, ""label"": ""weak evidence use""},
    ""BCU"": {""score"": 1, ""label"": ""weak boundary understanding""},
    ""GPA"": {""score"": 2, ""label"": ""mixed generative production""},
    ""CC"": {""score"": 2, ""label"": ""mixed confidence calibration""}
  },
  ""achievement"": {
    ""probability"": 0.55
  }
}",,17.54,1
kjzixgw,eadzmts,A16,56c1830743702099166e7d1d6063146e668e93057dc40632774ea1a9540c9f23,0.65,"{
  ""dimensions"": {
    ""ES"": {""score"": 2, ""label"": ""mixed final accuracy""},
    ""IRV"": {""score"": 2, ""label"": ""mixed reasoning validity""},
    ""LGC"": {""score"": 3, ""label"": ""strong objective coverage""},
    ""NTP"": {""score"": 1, ""label"": ""weak transfer performance""},
    ""COC"": {""score"": 2, ""label"": ""mixed performance consistency""},
    ""SMR"": {""score"": 2, ""label"": ""mixed misconception resolution""},
    ""SEQ"": {""score"": 3, ""label"": ""strong explanation quality""},
    ""PC"": {""score"": 2, ""label"": ""mixed procedural completeness""},
    ""SSA"": {""score"": 2, ""label"": ""mixed strategy selection""},
    ""SEC"": {""score"": 3, ""label"": ""strong error correction""},
    ""WCR"": {""score"": 2, ""label"": ""mixed knowledge retention""},
    ""RP"": {""score"": 2, ""label"": ""mixed representation precision""},
    ""JEU"": {""score"": 2, ""label"": ""mixed evidence use""},
    ""BCU"": {""score"": 1, ""label"": ""weak boundary understanding""},
    ""GPA"": {""score"": 2, ""label"": ""mixed generative production""},
    ""CC"": {""score"": 2, ""label"": ""mixed confidence calibration""}
  },
  ""achievement"": {
    ""probability"": 0.65
  }
}",,16.52,1
kuikycl,mmupsct,A16,56c1830743702099166e7d1d6063146e668e93057dc40632774ea1a9540c9f23,0.65,"{
  ""dimensions"": {
    ""ES"": {""score"": 2, ""label"": ""mixed final accuracy""},
    ""IRV"": {""score"": 2, ""label"": ""mixed reasoning validity""},
    ""LGC"": {""score"": 3, ""label"": ""strong objective coverage""},
    ""NTP"": {""score"": 1, ""label"": ""weak transfer performance""},
    ""COC"": {""score"": 2, ""label"": ""mixed performance consistency""},
    ""SMR"": {""score"": 2, ""label"": ""mixed misconception resolution""},
    ""SEQ"": {""score"": 2, ""label"": ""mixed explanation quality""},
    ""PC"": {""score"": 2, ""label"": ""mixed procedural completeness""},
    ""SSA"": {""score"": 3, ""label"": ""strong strategy selection""},
    ""SEC"": {""score"": 1, ""label"": ""weak error correction""},
    ""WCR"": {""score"": 2, ""label"": ""mixed knowledge retention""},
    ""RP"": {""score"": 2, ""label"": ""mixed representation precision""},
    ""JEU"": {""score"": 2, ""label"": ""mixed evidence use""},
    ""BCU"": {""score"": 1, ""label"": ""weak boundary understanding""},
    ""GPA"": {""score"": 2, ""label"": ""mixed generative production""},
    ""CC"": {""score"": 2, ""label"": ""mixed confidence calibration""}
  },
  ""achievement"": {
    ""probability"": 0.65
  }
}",,18.39,1
mpnictg,irmbphf,A16,56c1830743702099166e7d1d6063146e668e93057dc40632774ea1a9540c9f23,0.75,"{
  ""dimensions"": {
    ""ES"": {""score"": 3, ""label"": ""strong final accuracy""},
    ""IRV"": {""score"": 2, ""label"": ""mixed reasoning validity""},
    ""LGC"": {""score"": 3, ""label"": ""strong objective coverage""},
    ""NTP"": {""score"": 2, ""label"": ""mixed transfer performance""},
    ""COC"": {""score"": 2, ""label"": ""mixed performance consistency""},
    ""SMR"": {""score"": 2, ""label"": ""mixed misconception resolution""},
    ""SEQ"": {""score"": 1, ""label"": ""weak explanation quality""},
    ""PC"": {""score"": 3, ""label"": ""strong procedural completeness""},
    ""SSA"": {""score"": 3, ""label"": ""strong strategy selection""},
    ""SEC"": {""score"": 2, ""label"": ""mixed error correction""},
    ""WCR"": {""score"": 3, ""label"": ""strong knowledge retention""},
    ""RP"": {""score"": 2, ""label"": ""mixed representation precision""},
    ""JEU"": {""score"": 1, ""label"": ""weak evidence use""},
    ""BCU"": {""score"": 2, ""label"": ""mixed boundary understanding""},
    ""GPA"": {""score"": 2, ""label"": ""mixed generative production""},
    ""CC"": {""score"": 2, ""label"": ""mixed confidence calibration""}
  },
  ""achievement"": {
    ""probability"": 0.75
  }
}",,20.32,1
ixmwcrt,mynqirh,A16,56c1830743702099166e7d1d6063146e668e93057dc40632774ea1a9540c9f23,0.35,"{
  ""dimensions"": {
    ""ES"": {""score"": 1, ""label"": ""weak final accuracy""},
    ""IRV"": {""score"": 1, ""label"": ""weak reasoning validity""},
    ""LGC"": {""score"": 2, ""label"": ""mixed objective coverage""},
    ""NTP"": {""score"": 0, ""label"": ""minimal transfer performance""},
    ""COC"": {""score"": 1, ""label"": ""weak performance consistency""},
    ""SMR"": {""score"": 1, ""label"": ""weak misconception resolution""},
    ""SEQ"": {""score"": 0, ""label"": ""minimal explanation quality""},
    ""PC"": {""score"": 1, ""label"": ""weak procedural completeness""},
    ""SSA"": {""score"": 1, ""label"": ""weak strategy selection""},
    ""SEC"": {""score"": 0, ""label"": ""minimal error correction""},
    ""WCR"": {""score"": 2, ""label"": ""mixed knowledge retention""},
    ""RP"": {""score"": 1, ""label"": ""weak representation precision""},
    ""JEU"": {""score"": 0, ""label"": ""minimal evidence use""},
    ""BCU"": {""score"": 1, ""label"": ""weak boundary understanding""},
    ""GPA"": {""score"": 0, ""label"": ""minimal generative production""},
    ""CC"": {""score"": 2, ""label"": ""mixed confidence calibration""}
  },
  ""achievement"": {
    ""probability"": 0.35
  }
}",,17.26,1
eorynsz,lwltbwi,A16,56c1830743702099166e7d1d6063146e668e93057dc40632774ea1a9540c9f23,0.45,"{
  ""dimensions"": {
    ""ES"": {""score"": 2, ""label"": ""mixed final accuracy""},
    ""IRV"": {""score"": 1, ""label"": ""weak reasoning validity""},
    ""LGC"": {""score"": 2, ""label"": ""mixed objective coverage""},
    ""NTP"": {""score"": null, ""label"": ""not observable""},
    ""COC"": {""score"": 1, ""label"": ""weak performance consistency""},
    ""SMR"": {""score"": 2, ""label"": ""mixed misconception resolution""},
    ""SEQ"": {""score"": 1, ""label"": ""weak explanation quality""},
    ""PC"": {""score"": 1, ""label"": ""weak procedural completeness""},
    ""SSA"": {""score"": 1, ""label"": ""weak strategy selection""},
    ""SEC"": {""score"": 2, ""label"": ""mixed error correction""},
    ""WCR"": {""score"": 2, ""label"": ""mixed knowledge retention""},
    ""RP"": {""score"": 1, ""label"": ""weak representation precision""},
    ""JEU"": {""score"": 0, ""label"": ""minimal evidence use""},
    ""BCU"": {""score"": null, ""label"": ""not observable""},
    ""GPA"": {""score"": 1, ""label"": ""weak generative production""},
    ""CC"": {""score"": 2, ""label"": ""mixed confidence calibration""}
  },
  ""achievement"": {
    ""probability"": 0.45
  }
}",,17.87,1
inwjppw,jectuft,A16,56c1830743702099166e7d1d6063146e668e93057dc40632774ea1a9540c9f23,0.75,"{
  ""dimensions"": {
    ""ES"": {""score"": 3, ""label"": ""strong final accuracy""},
    ""IRV"": {""score"": 2, ""label"": ""mixed reasoning validity""},
    ""LGC"": {""score"": 3, ""label"": ""strong objective coverage""},
    ""NTP"": {""score"": 2, ""label"": ""mixed transfer performance""},
    ""COC"": {""score"": 2, ""label"": ""mixed performance consistency""},
    ""SMR"": {""score"": 2, ""label"": ""mixed misconception resolution""},
    ""SEQ"": {""score"": 2, ""label"": ""mixed explanation quality""},
    ""PC"": {""score"": 3, ""label"": ""strong procedural completeness""},
    ""SSA"": {""score"": 2, ""label"": ""mixed strategy selection""},
    ""SEC"": {""score"": 1, ""label"": ""weak error correction""},
    ""WCR"": {""score"": 3, ""label"": ""strong knowledge retention""},
    ""RP"": {""score"": 2, ""label"": ""mixed representation precision""},
    ""JEU"": {""score"": 2, ""label"": ""mixed evidence use""},
    ""BCU"": {""score"": 1, ""label"": ""weak boundary understanding""},
    ""GPA"": {""score"": 2, ""label"": ""mixed generative production""},
    ""CC"": {""score"": 3, ""label"": ""strong confidence calibration""}
  },
  ""achievement"": {
    ""probability"": 0.75
  }
}",,18.05,1
bqvialw,cmspimw,A16,56c1830743702099166e7d1d6063146e668e93057dc40632774ea1a9540c9f23,0.55,"{
  ""dimensions"": {
    ""ES"": {""score"": 2, ""label"": ""mixed final accuracy""},
    ""IRV"": {""score"": 2, ""label"": ""mixed reasoning validity""},
    ""LGC"": {""score"": 3, ""label"": ""strong objective coverage""},
    ""NTP"": {""score"": 1, ""label"": ""weak transfer performance""},
    ""COC"": {""score"": 2, ""label"": ""mixed performance consistency""},
    ""SMR"": {""score"": 2, ""label"": ""mixed misconception resolution""},
    ""SEQ"": {""score"": 1, ""label"": ""weak explanation quality""},
    ""PC"": {""score"": 2, ""label"": ""mixed procedural completeness""},
    ""SSA"": {""score"": 2, ""label"": ""mixed strategy selection""},
    ""SEC"": {""score"": 2, ""label"": ""mixed error correction""},
    ""WCR"": {""score"": 2, ""label"": ""mixed knowledge retention""},
    ""RP"": {""score"": 2, ""label"": ""mixed representation precision""},
    ""JEU"": {""score"": 1, ""label"": ""weak evidence use""},
    ""BCU"": {""score"": 2, ""label"": ""mixed boundary understanding""},
    ""GPA"": {""score"": 1, ""label"": ""weak generative production""},
    ""CC"": {""score"": 2, ""label"": ""mixed confidence calibration""}
  },
  ""achievement"": {
    ""probability"": 0.55
  }
}",,17.66,1
mutbpma,agbrbao,A16,56c1830743702099166e7d1d6063146e668e93057dc40632774ea1a9540c9f23,0.45,"{
  ""dimensions"": {
    ""ES"": {""score"": 2, ""label"": ""mixed final accuracy""},
    ""IRV"": {""score"": 1, ""label"": ""weak reasoning validity""},
    ""LGC"": {""score"": 2, ""label"": ""mixed objective coverage""},
    ""NTP"": {""score"": 1, ""label"": ""weak transfer performance""},
    ""COC"": {""score"": 1, ""label"": ""weak performance consistency""},
    ""SMR"": {""score"": 2, ""label"": ""mixed misconception resolution""},
    ""SEQ"": {""score"": 1, ""label"": ""weak explanation quality""},
    ""PC"": {""score"": 2, ""label"": ""mixed procedural completeness""},
    ""SSA"": {""score"": 1, ""label"": ""weak strategy selection""},
    ""SEC"": {""score"": 1, ""label"": ""weak error correction""},
    ""WCR"": {""score"": 2, ""label"": ""mixed knowledge retention""},
    ""RP"": {""score"": 2, ""label"": ""mixed representation precision""},
    ""JEU"": {""score"": 1, ""label"": ""weak evidence use""},
    ""BCU"": {""score"": 1, ""label"": ""weak boundary understanding""},
    ""GPA"": {""score"": 1, ""label"": ""weak generative production""},
    ""CC"": {""score"": 2, ""label"": ""mixed confidence calibration""}
  },
  ""achievement"": {
    ""probability"": 0.45
  }
}",,17.05,1
kmdajap,dfkstid,A16,56c1830743702099166e7d1d6063146e668e93057dc40632774ea1a9540c9f23,0.55,"{
  ""dimensions"": {
    ""ES"": {""score"": 2, ""label"": ""mixed final accuracy""},
    ""IRV"": {""score"": 2, ""label"": ""mixed reasoning validity""},
    ""LGC"": {""score"": 3, ""label"": ""strong objective coverage""},
    ""NTP"": {""score"": 1, ""label"": ""weak transfer performance""},
    ""COC"": {""score"": 2, ""label"": ""mixed performance consistency""},
    ""SMR"": {""score"": 2, ""label"": ""mixed misconception resolution""},
    ""SEQ"": {""score"": 1, ""label"": ""weak explanation quality""},
    ""PC"": {""score"": 2, ""label"": ""mixed procedural completeness""},
    ""SSA"": {""score"": 2, ""label"": ""mixed strategy selection""},
    ""SEC"": {""score"": 1, ""label"": ""weak error correction""},
    ""WCR"": {""score"": 2, ""label"": ""mixed knowledge retention""},
    ""RP"": {""score"": 2, ""label"": ""mixed representation precision""},
    ""JEU"": {""score"": 1, ""label"": ""weak evidence use""},
    ""BCU"": {""score"": 2, ""label"": ""mixed boundary understanding""},
    ""GPA"": {""score"": 1, ""label"": ""weak generative production""},
    ""CC"": {""score"": 2, ""label"": ""mixed confidence calibration""}
  },
  ""achievement"": {
    ""probability"": 0.55
  }
}",,19.47,1
ghxygyd,hfyjylk,A16,56c1830743702099166e7d1d6063146e668e93057dc40632774ea1a9540c9f23,0.82,"{
  ""dimensions"": {
    ""ES"": {""score"": 3, ""label"": ""strong final accuracy""},
    ""IRV"": {""score"": 3, ""label"": ""strong reasoning validity""},
    ""LGC"": {""score"": 3, ""label"": ""strong objective coverage""},
    ""NTP"": {""score"": 2, ""label"": ""mixed transfer performance""},
    ""COC"": {""score"": 3, ""label"": ""strong performance consistency""},
    ""SMR"": {""score"": 3, ""label"": ""strong misconception resolution""},
    ""SEQ"": {""score"": 3, ""label"": ""strong explanation quality""},
    ""PC"": {""score"": 3, ""label"": ""strong procedural completeness""},
    ""SSA"": {""score"": 2, ""label"": ""mixed strategy selection""},
    ""SEC"": {""score"": 2, ""label"": ""mixed error correction""},
    ""WCR"": {""score"": 3, ""label"": ""strong knowledge retention""},
    ""RP"": {""score"": 3, ""label"": ""strong representation precision""},
    ""JEU"": {""score"": 3, ""label"": ""strong evidence use""},
    ""BCU"": {""score"": 2, ""label"": ""mixed boundary understanding""},
    ""GPA"": {""score"": 3, ""label"": ""strong generative production""},
    ""CC"": {""score"": 3, ""label"": ""strong confidence calibration""}
  },
  ""achievement"": {
    ""probability"": 0.82
  }
}",,19.32,1
hajobyw,cjiwhcy,A16,56c1830743702099166e7d1d6063146e668e93057dc40632774ea1a9540c9f23,0.45,"{
  ""dimensions"": {
    ""ES"": {""score"": 2, ""label"": ""mixed final accuracy""},
    ""IRV"": {""score"": 1, ""label"": ""weak reasoning validity""},
    ""LGC"": {""score"": 2, ""label"": ""mixed objective coverage""},
    ""NTP"": {""score"": 1, ""label"": ""weak transfer performance""},
    ""COC"": {""score"": 1, ""label"": ""weak performance consistency""},
    ""SMR"": {""score"": 2, ""label"": ""mixed misconception resolution""},
    ""SEQ"": {""score"": 1, ""label"": ""weak explanation quality""},
    ""PC"": {""score"": 1, ""label"": ""weak procedural completeness""},
    ""SSA"": {""score"": 1, ""label"": ""weak strategy selection""},
    ""SEC"": {""score"": 0, ""label"": ""minimal error correction""},
    ""WCR"": {""score"": 2, ""label"": ""mixed knowledge retention""},
    ""RP"": {""score"": 2, ""label"": ""mixed representation precision""},
    ""JEU"": {""score"": 1, ""label"": ""weak evidence use""},
    ""BCU"": {""score"": 1, ""label"": ""weak boundary understanding""},
    ""GPA"": {""score"": 1, ""label"": ""weak generative production""},
    ""CC"": {""score"": 2, ""label"": ""mixed confidence calibration""}
  },
  ""achievement"": {
    ""probability"": 0.45
  }
}",,18.89,1
lxfpqtr,dvyqhjf,A16,56c1830743702099166e7d1d6063146e668e93057dc40632774ea1a9540c9f23,0.55,"{
  ""dimensions"": {
    ""ES"": {""score"": 2, ""label"": ""mixed final accuracy""},
    ""IRV"": {""score"": 2, ""label"": ""mixed reasoning validity""},
    ""LGC"": {""score"": 1, ""label"": ""weak objective coverage""},
    ""NTP"": {""score"": null, ""label"": ""not observable""},
    ""COC"": {""score"": 1, ""label"": ""weak performance consistency""},
    ""SMR"": {""score"": 2, ""label"": ""mixed misconception resolution""},
    ""SEQ"": {""score"": 2, ""label"": ""mixed explanation quality""},
    ""PC"": {""score"": 2, ""label"": ""mixed procedural completeness""},
    ""SSA"": {""score"": 2, ""label"": ""mixed strategy selection""},
    ""SEC"": {""score"": 1, ""label"": ""weak error correction""},
    ""WCR"": {""score"": 1, ""label"": ""weak knowledge retention""},
    ""RP"": {""score"": 2, ""label"": ""mixed representation precision""},
    ""JEU"": {""score"": 1, ""label"": ""weak evidence use""},
    ""BCU"": {""score"": 2, ""label"": ""mixed boundary understanding""},
    ""GPA"": {""score"": 1, ""label"": ""weak generative production""},
    ""CC"": {""score"": null, ""label"": ""not observable""}
  },
  ""achievement"": {
    ""probability"": 0.55
  }
}",,14.23,1
gmwzqqo,fmaitvc,A16,56c1830743702099166e7d1d6063146e668e93057dc40632774ea1a9540c9f23,0.65,"{
  ""dimensions"": {
    ""ES"": {""score"": 3, ""label"": ""strong final accuracy""},
    ""IRV"": {""score"": 2, ""label"": ""mixed reasoning validity""},
    ""LGC"": {""score"": 3, ""label"": ""strong objective coverage""},
    ""NTP"": {""score"": 1, ""label"": ""weak transfer performance""},
    ""COC"": {""score"": 2, ""label"": ""mixed performance consistency""},
    ""SMR"": {""score"": 2, ""label"": ""mixed misconception resolution""},
    ""SEQ"": {""score"": 0, ""label"": ""minimal explanation quality""},
    ""PC"": {""score"": 3, ""label"": ""strong procedural completeness""},
    ""SSA"": {""score"": 1, ""label"": ""weak strategy selection""},
    ""SEC"": {""score"": 2, ""label"": ""mixed error correction""},
    ""WCR"": {""score"": 2, ""label"": ""mixed knowledge retention""},
    ""RP"": {""score"": 2, ""label"": ""mixed representation precision""},
    ""JEU"": {""score"": 1, ""label"": ""weak evidence use""},
    ""BCU"": {""score"": 1, ""label"": ""weak boundary understanding""},
    ""GPA"": {""score"": 2, ""label"": ""mixed generative production""},
    ""CC"": {""score"": 3, ""label"": ""strong confidence calibration""}
  },
  ""achievement"": {
    ""probability"": 0.65
  }
}",,15.81,1
myhqduu,mnmwlha,A16,56c1830743702099166e7d1d6063146e668e93057dc40632774ea1a9540c9f23,0.35,"{
  ""dimensions"": {
    ""ES"": {""score"": 1, ""label"": ""weak final accuracy""},
    ""IRV"": {""score"": 1, ""label"": ""weak reasoning validity""},
    ""LGC"": {""score"": 2, ""label"": ""mixed objective coverage""},
    ""NTP"": {""score"": 0, ""label"": ""minimal transfer performance""},
    ""COC"": {""score"": 1, ""label"": ""weak performance consistency""},
    ""SMR"": {""score"": 1, ""label"": ""weak misconception resolution""},
    ""SEQ"": {""score"": 1, ""label"": ""weak explanation quality""},
    ""PC"": {""score"": 2, ""label"": ""mixed procedural completeness""},
    ""SSA"": {""score"": 1, ""label"": ""weak strategy selection""},
    ""SEC"": {""score"": 0, ""label"": ""minimal error correction""},
    ""WCR"": {""score"": 1, ""label"": ""weak knowledge retention""},
    ""RP"": {""score"": 2, ""label"": ""mixed representation precision""},
    ""JEU"": {""score"": 1, ""label"": ""weak evidence use""},
    ""BCU"": {""score"": 0, ""label"": ""minimal boundary understanding""},
    ""GPA"": {""score"": 1, ""label"": ""weak generative production""},
    ""CC"": {""score"": 2, ""label"": ""mixed confidence calibration""}
  },
  ""achievement"": {
    ""probability"": 0.35
  }
}",,17.88,1
dmuvzxy,iazzphj,A16,56c1830743702099166e7d1d6063146e668e93057dc40632774ea1a9540c9f23,0.65,"{
  ""dimensions"": {
    ""ES"": {""score"": 2, ""label"": ""mixed final accuracy""},
    ""IRV"": {""score"": 2, ""label"": ""mixed reasoning validity""},
    ""LGC"": {""score"": 3, ""label"": ""strong objective coverage""},
    ""NTP"": {""score"": 1, ""label"": ""weak transfer performance""},
    ""COC"": {""score"": 2, ""label"": ""mixed performance consistency""},
    ""SMR"": {""score"": 2, ""label"": ""mixed misconception resolution""},
    ""SEQ"": {""score"": 2, ""label"": ""mixed explanation quality""},
    ""PC"": {""score"": 1, ""label"": ""weak procedural completeness""},
    ""SSA"": {""score"": 1, ""label"": ""weak strategy selection""},
    ""SEC"": {""score"": 2, ""label"": ""mixed error correction""},
    ""WCR"": {""score"": 2, ""label"": ""mixed knowledge retention""},
    ""RP"": {""score"": 2, ""label"": ""mixed representation precision""},
    ""JEU"": {""score"": 2, ""label"": ""mixed evidence use""},
    ""BCU"": {""score"": 1, ""label"": ""weak boundary understanding""},
    ""GPA"": {""score"": 2, ""label"": ""mixed generative production""},
    ""CC"": {""score"": 2, ""label"": ""mixed confidence calibration""}
  },
  ""achievement"": {
    ""probability"": 0.65
  }
}",,15.41,1
bqvjshq,nehqlih,A16,56c1830743702099166e7d1d6063146e668e93057dc40632774ea1a9540c9f23,0.75,"{
  ""dimensions"": {
    ""ES"": {""score"": 3, ""label"": ""strong final accuracy""},
    ""IRV"": {""score"": 2, ""label"": ""mixed reasoning validity""},
    ""LGC"": {""score"": 3, ""label"": ""strong objective coverage""},
    ""NTP"": {""score"": 2, ""label"": ""mixed transfer performance""},
    ""COC"": {""score"": 2, ""label"": ""mixed performance consistency""},
    ""SMR"": {""score"": 3, ""label"": ""strong misconception resolution""},
    ""SEQ"": {""score"": 1, ""label"": ""weak explanation quality""},
    ""PC"": {""score"": 2, ""label"": ""mixed procedural completeness""},
    ""SSA"": {""score"": 3, ""label"": ""strong strategy selection""},
    ""SEC"": {""score"": 3, ""label"": ""strong error correction""},
    ""WCR"": {""score"": 2, ""label"": ""mixed knowledge retention""},
    ""RP"": {""score"": 2, ""label"": ""mixed representation precision""},
    ""JEU"": {""score"": 1, ""label"": ""weak evidence use""},
    ""BCU"": {""score"": 3, ""label"": ""strong boundary understanding""},
    ""GPA"": {""score"": 2, ""label"": ""mixed generative production""},
    ""CC"": {""score"": 2, ""label"": ""mixed confidence calibration""}
  },
  ""achievement"": {
    ""probability"": 0.75
  }
}",,17.23,1
htpavyv,gbfhfdj,A16,56c1830743702099166e7d1d6063146e668e93057dc40632774ea1a9540c9f23,0.45,"{
  ""dimensions"": {
    ""ES"": {""score"": 2, ""label"": ""mixed final accuracy""},
    ""IRV"": {""score"": 1, ""label"": ""weak reasoning validity""},
    ""LGC"": {""score"": 2, ""label"": ""mixed objective coverage""},
    ""NTP"": {""score"": 0, ""label"": ""minimal transfer performance""},
    ""COC"": {""score"": 1, ""label"": ""weak performance consistency""},
    ""SMR"": {""score"": 2, ""label"": ""mixed misconception resolution""},
    ""SEQ"": {""score"": 1, ""label"": ""weak explanation quality""},
    ""PC"": {""score"": 1, ""label"": ""weak procedural completeness""},
    ""SSA"": {""score"": 0, ""label"": ""minimal strategy selection""},
    ""SEC"": {""score"": 2, ""label"": ""mixed error correction""},
    ""WCR"": {""score"": 2, ""label"": ""mixed knowledge retention""},
    ""RP"": {""score"": 1, ""label"": ""weak representation precision""},
    ""JEU"": {""score"": 0, ""label"": ""minimal evidence use""},
    ""BCU"": {""score"": 1, ""label"": ""weak boundary understanding""},
    ""GPA"": {""score"": 0, ""label"": ""minimal generative production""},
    ""CC"": {""score"": 2, ""label"": ""mixed confidence calibration""}
  },
  ""achievement"": {
    ""probability"": 0.45
  }
}",,18.5,1
fnocpuz,exgkjap,A16,56c1830743702099166e7d1d6063146e668e93057dc40632774ea1a9540c9f23,0.65,"{
  ""dimensions"": {
    ""ES"": {""score"": 3, ""label"": ""strong final accuracy""},
    ""IRV"": {""score"": 2, ""label"": ""mixed reasoning validity""},
    ""LGC"": {""score"": 2, ""label"": ""mixed objective coverage""},
    ""NTP"": {""score"": 1, ""label"": ""weak transfer performance""},
    ""COC"": {""score"": 2, ""label"": ""mixed performance consistency""},
    ""SMR"": {""score"": 2, ""label"": ""mixed misconception resolution""},
    ""SEQ"": {""score"": 2, ""label"": ""mixed explanation quality""},
    ""PC"": {""score"": 2, ""label"": ""mixed procedural completeness""},
    ""SSA"": {""score"": 2, ""label"": ""mixed strategy selection""},
    ""SEC"": {""score"": 1, ""label"": ""weak error correction""},
    ""WCR"": {""score"": 2, ""label"": ""mixed knowledge retention""},
    ""RP"": {""score"": 2, ""label"": ""mixed representation precision""},
    ""JEU"": {""score"": 1, ""label"": ""weak evidence use""},
    ""BCU"": {""score"": 1, ""label"": ""weak boundary understanding""},
    ""GPA"": {""score"": 2, ""label"": ""mixed generative production""},
    ""CC"": {""score"": 1, ""label"": ""weak confidence calibration""}
  },
  ""achievement"": {
    ""probability"": 0.65
  }
}",,16.56,1
cdxqmde,gvyprrc,A16,56c1830743702099166e7d1d6063146e668e93057dc40632774ea1a9540c9f23,0.35,"{
  ""dimensions"": {
    ""ES"": {""score"": 2, ""label"": ""mixed final accuracy""},
    ""IRV"": {""score"": 1, ""label"": ""weak reasoning validity""},
    ""LGC"": {""score"": 2, ""label"": ""mixed objective coverage""},
    ""NTP"": {""score"": 0, ""label"": ""minimal transfer performance""},
    ""COC"": {""score"": 1, ""label"": ""weak performance consistency""},
    ""SMR"": {""score"": 2, ""label"": ""mixed misconception resolution""},
    ""SEQ"": {""score"": 0, ""label"": ""minimal explanation quality""},
    ""PC"": {""score"": 1, ""label"": ""weak procedural completeness""},
    ""SSA"": {""score"": 1, ""label"": ""weak strategy selection""},
    ""SEC"": {""score"": 2, ""label"": ""mixed error correction""},
    ""WCR"": {""score"": 1, ""label"": ""weak knowledge retention""},
    ""RP"": {""score"": 1, ""label"": ""weak representation precision""},
    ""JEU"": {""score"": 0, ""label"": ""minimal evidence use""},
    ""BCU"": {""score"": 2, ""label"": ""mixed boundary understanding""},
    ""GPA"": {""score"": 0, ""label"": ""minimal generative production""},
    ""CC"": {""score"": 1, ""label"": ""weak confidence calibration""}
  },
  ""achievement"": {
    ""probability"": 0.35
  }
}",,18.79,1
ervrqmn,egamjeq,A16,56c1830743702099166e7d1d6063146e668e93057dc40632774ea1a9540c9f23,0.55,"{
  ""dimensions"": {
    ""ES"": {""score"": 2, ""label"": ""mixed final accuracy""},
    ""IRV"": {""score"": 2, ""label"": ""mixed reasoning validity""},
    ""LGC"": {""score"": 3, ""label"": ""strong objective coverage""},
    ""NTP"": {""score"": 1, ""label"": ""weak transfer performance""},
    ""COC"": {""score"": 2, ""label"": ""mixed performance consistency""},
    ""SMR"": {""score"": 2, ""label"": ""mixed misconception resolution""},
    ""SEQ"": {""score"": 2, ""label"": ""mixed explanation quality""},
    ""PC"": {""score"": 2, ""label"": ""mixed procedural completeness""},
    ""SSA"": {""score"": 2, ""label"": ""mixed strategy selection""},
    ""SEC"": {""score"": 1, ""label"": ""weak error correction""},
    ""WCR"": {""score"": 2, ""label"": ""mixed knowledge retention""},
    ""RP"": {""score"": 2, ""label"": ""mixed representation precision""},
    ""JEU"": {""score"": 2, ""label"": ""mixed evidence use""},
    ""BCU"": {""score"": 1, ""label"": ""weak boundary understanding""},
    ""GPA"": {""score"": 1, ""label"": ""weak generative production""},
    ""CC"": {""score"": 2, ""label"": ""mixed confidence calibration""}
  },
  ""achievement"": {
    ""probability"": 0.55
  }
}",,18.83,1
jjvqkbp,mvbiikq,A16,56c1830743702099166e7d1d6063146e668e93057dc40632774ea1a9540c9f23,0.78,"{
  ""dimensions"": {
    ""ES"": {""score"": 3, ""label"": ""strong final accuracy""},
    ""IRV"": {""score"": 3, ""label"": ""strong reasoning validity""},
    ""LGC"": {""score"": 3, ""label"": ""strong objective coverage""},
    ""NTP"": {""score"": 2, ""label"": ""mixed transfer performance""},
    ""COC"": {""score"": 3, ""label"": ""strong performance consistency""},
    ""SMR"": {""score"": 3, ""label"": ""strong misconception resolution""},
    ""SEQ"": {""score"": 3, ""label"": ""strong explanation quality""},
    ""PC"": {""score"": 3, ""label"": ""strong procedural completeness""},
    ""SSA"": {""score"": 2, ""label"": ""mixed strategy selection""},
    ""SEC"": {""score"": 2, ""label"": ""mixed error correction""},
    ""WCR"": {""score"": 3, ""label"": ""strong knowledge retention""},
    ""RP"": {""score"": 2, ""label"": ""mixed representation precision""},
    ""JEU"": {""score"": 3, ""label"": ""strong evidence use""},
    ""BCU"": {""score"": 2, ""label"": ""mixed boundary understanding""},
    ""GPA"": {""score"": 2, ""label"": ""mixed generative production""},
    ""CC"": {""score"": 3, ""label"": ""strong confidence calibration""}
  },
  ""achievement"": {
    ""probability"": 0.78
  }
}",,19.49,1
craxqtb,fcejvel,A16,56c1830743702099166e7d1d6063146e668e93057dc40632774ea1a9540c9f23,0.75,"{
  ""dimensions"": {
    ""ES"": {""score"": 3, ""label"": ""strong final accuracy""},
    ""IRV"": {""score"": 3, ""label"": ""strong reasoning validity""},
    ""LGC"": {""score"": 2, ""label"": ""mixed objective coverage""},
    ""NTP"": {""score"": 1, ""label"": ""weak transfer performance""},
    ""COC"": {""score"": 2, ""label"": ""mixed performance consistency""},
    ""SMR"": {""score"": 3, ""label"": ""strong misconception resolution""},
    ""SEQ"": {""score"": 3, ""label"": ""strong explanation quality""},
    ""PC"": {""score"": 2, ""label"": ""mixed procedural completeness""},
    ""SSA"": {""score"": 2, ""label"": ""mixed strategy selection""},
    ""SEC"": {""score"": 3, ""label"": ""strong error correction""},
    ""WCR"": {""score"": 3, ""label"": ""strong knowledge retention""},
    ""RP"": {""score"": 2, ""label"": ""mixed representation precision""},
    ""JEU"": {""score"": 2, ""label"": ""mixed evidence use""},
    ""BCU"": {""score"": 1, ""label"": ""weak boundary understanding""},
    ""GPA"": {""score"": 2, ""label"": ""mixed generative production""},
    ""CC"": {""score"": 2, ""label"": ""mixed confidence calibration""}
  },
  ""achievement"": {
    ""probability"": 0.75
  }
}",,17.62,1
klvgffp,jellkmj,A16,56c1830743702099166e7d1d6063146e668e93057dc40632774ea1a9540c9f23,0.75,"{
  ""dimensions"": {
    ""ES"": {""score"": 3, ""label"": ""strong final accuracy""},
    ""IRV"": {""score"": 2, ""label"": ""mixed reasoning validity""},
    ""LGC"": {""score"": 3, ""label"": ""strong objective coverage""},
    ""NTP"": {""score"": 2, ""label"": ""mixed transfer performance""},
    ""COC"": {""score"": 2, ""label"": ""mixed performance consistency""},
    ""SMR"": {""score"": 2, ""label"": ""mixed misconception resolution""},
    ""SEQ"": {""score"": 1, ""label"": ""weak explanation quality""},
    ""PC"": {""score"": 3, ""label"": ""strong procedural completeness""},
    ""SSA"": {""score"": 2, ""label"": ""mixed strategy selection""},
    ""SEC"": {""score"": 2, ""label"": ""mixed error correction""},
    ""WCR"": {""score"": 3, ""label"": ""strong knowledge retention""},
    ""RP"": {""score"": 3, ""label"": ""strong representation precision""},
    ""JEU"": {""score"": 1, ""label"": ""weak evidence use""},
    ""BCU"": {""score"": 2, ""label"": ""mixed boundary understanding""},
    ""GPA"": {""score"": 3, ""label"": ""strong generative production""},
    ""CC"": {""score"": 2, ""label"": ""mixed confidence calibration""}
  },
  ""achievement"": {
    ""probability"": 0.75
  }
}",,17.25,1
fhmzzqd,hplatpg,A16,56c1830743702099166e7d1d6063146e668e93057dc40632774ea1a9540c9f23,0.35,"{
  ""dimensions"": {
    ""ES"": {""score"": 1, ""label"": ""weak final accuracy""},
    ""IRV"": {""score"": 1, ""label"": ""weak reasoning validity""},
    ""LGC"": {""score"": 2, ""label"": ""mixed objective coverage""},
    ""NTP"": {""score"": 0, ""label"": ""minimal transfer performance""},
    ""COC"": {""score"": 1, ""label"": ""weak performance consistency""},
    ""SMR"": {""score"": 1, ""label"": ""weak misconception resolution""},
    ""SEQ"": {""score"": 1, ""label"": ""weak explanation quality""},
    ""PC"": {""score"": 1, ""label"": ""weak procedural completeness""},
    ""SSA"": {""score"": 0, ""label"": ""minimal strategy selection""},
    ""SEC"": {""score"": 0, ""label"": ""minimal error correction""},
    ""WCR"": {""score"": 1, ""label"": ""weak knowledge retention""},
    ""RP"": {""score"": 2, ""label"": ""mixed representation precision""},
    ""JEU"": {""score"": 1, ""label"": ""weak evidence use""},
    ""BCU"": {""score"": 0, ""label"": ""minimal boundary understanding""},
    ""GPA"": {""score"": 0, ""label"": ""minimal generative production""},
    ""CC"": {""score"": 2, ""label"": ""mixed confidence calibration""}
  },
  ""achievement"": {
    ""probability"": 0.35
  }
}",,16.44,1
gbhcmro,gezwcct,A16,56c1830743702099166e7d1d6063146e668e93057dc40632774ea1a9540c9f23,0.65,"{
  ""dimensions"": {
    ""ES"": {""score"": 2, ""label"": ""mixed final accuracy""},
    ""IRV"": {""score"": 2, ""label"": ""mixed reasoning validity""},
    ""LGC"": {""score"": 3, ""label"": ""strong objective coverage""},
    ""NTP"": {""score"": 1, ""label"": ""weak transfer performance""},
    ""COC"": {""score"": 2, ""label"": ""mixed performance consistency""},
    ""SMR"": {""score"": 2, ""label"": ""mixed misconception resolution""},
    ""SEQ"": {""score"": 2, ""label"": ""mixed explanation quality""},
    ""PC"": {""score"": 2, ""label"": ""mixed procedural completeness""},
    ""SSA"": {""score"": 2, ""label"": ""mixed strategy selection""},
    ""SEC"": {""score"": 1, ""label"": ""weak error correction""},
    ""WCR"": {""score"": 2, ""label"": ""mixed knowledge retention""},
    ""RP"": {""score"": 2, ""label"": ""mixed representation precision""},
    ""JEU"": {""score"": 1, ""label"": ""weak evidence use""},
    ""BCU"": {""score"": 1, ""label"": ""weak boundary understanding""},
    ""GPA"": {""score"": 2, ""label"": ""mixed generative production""},
    ""CC"": {""score"": 2, ""label"": ""mixed confidence calibration""}
  },
  ""achievement"": {
    ""probability"": 0.65
  }
}",,16.9,1
jhagdcr,jcygafu,A16,56c1830743702099166e7d1d6063146e668e93057dc40632774ea1a9540c9f23,0.55,"{
  ""dimensions"": {
    ""ES"": {""score"": 2, ""label"": ""mixed final accuracy""},
    ""IRV"": {""score"": 2, ""label"": ""mixed reasoning validity""},
    ""LGC"": {""score"": 3, ""label"": ""strong objective coverage""},
    ""NTP"": {""score"": 1, ""label"": ""weak transfer performance""},
    ""COC"": {""score"": 2, ""label"": ""mixed performance consistency""},
    ""SMR"": {""score"": 2, ""label"": ""mixed misconception resolution""},
    ""SEQ"": {""score"": 2, ""label"": ""mixed explanation quality""},
    ""PC"": {""score"": 2, ""label"": ""mixed procedural completeness""},
    ""SSA"": {""score"": 2, ""label"": ""mixed strategy selection""},
    ""SEC"": {""score"": 1, ""label"": ""weak error correction""},
    ""WCR"": {""score"": 2, ""label"": ""mixed knowledge retention""},
    ""RP"": {""score"": 2, ""label"": ""mixed representation precision""},
    ""JEU"": {""score"": 1, ""label"": ""weak evidence use""},
    ""BCU"": {""score"": 2, ""label"": ""mixed boundary understanding""},
    ""GPA"": {""score"": 1, ""label"": ""weak generative production""},
    ""CC"": {""score"": 2, ""label"": ""mixed confidence calibration""}
  },
  ""achievement"": {
    ""probability"": 0.55
  }
}",,18.47,1
hyiqmhr,dknqkwc,A16,56c1830743702099166e7d1d6063146e668e93057dc40632774ea1a9540c9f23,0.75,"{
  ""dimensions"": {
    ""ES"": {""score"": 3, ""label"": ""strong final accuracy""},
    ""IRV"": {""score"": 3, ""label"": ""strong reasoning validity""},
    ""LGC"": {""score"": 2, ""label"": ""mixed objective coverage""},
    ""NTP"": {""score"": 2, ""label"": ""mixed transfer performance""},
    ""COC"": {""score"": 3, ""label"": ""strong performance consistency""},
    ""SMR"": {""score"": 3, ""label"": ""strong misconception resolution""},
    ""SEQ"": {""score"": 3, ""label"": ""strong explanation quality""},
    ""PC"": {""score"": 2, ""label"": ""mixed procedural completeness""},
    ""SSA"": {""score"": 2, ""label"": ""mixed strategy selection""},
    ""SEC"": {""score"": 3, ""label"": ""strong error correction""},
    ""WCR"": {""score"": 3, ""label"": ""strong knowledge retention""},
    ""RP"": {""score"": 2, ""label"": ""mixed representation precision""},
    ""JEU"": {""score"": 2, ""label"": ""mixed evidence use""},
    ""BCU"": {""score"": 3, ""label"": ""strong boundary understanding""},
    ""GPA"": {""score"": 2, ""label"": ""mixed generative production""},
    ""CC"": {""score"": 2, ""label"": ""mixed confidence calibration""}
  },
  ""achievement"": {
    ""probability"": 0.75
  }
}",,17.95,1
hourplm,mcxhnbc,A16,56c1830743702099166e7d1d6063146e668e93057dc40632774ea1a9540c9f23,0.45,"{
  ""dimensions"": {
    ""ES"": {""score"": 2, ""label"": ""mixed final accuracy""},
    ""IRV"": {""score"": 1, ""label"": ""weak reasoning validity""},
    ""LGC"": {""score"": 2, ""label"": ""mixed objective coverage""},
    ""NTP"": {""score"": 1, ""label"": ""weak transfer performance""},
    ""COC"": {""score"": 1, ""label"": ""weak performance consistency""},
    ""SMR"": {""score"": 2, ""label"": ""mixed misconception resolution""},
    ""SEQ"": {""score"": 1, ""label"": ""weak explanation quality""},
    ""PC"": {""score"": 1, ""label"": ""weak procedural completeness""},
    ""SSA"": {""score"": 1, ""label"": ""weak strategy selection""},
    ""SEC"": {""score"": 2, ""label"": ""mixed error correction""},
    ""WCR"": {""score"": 1, ""label"": ""weak knowledge retention""},
    ""RP"": {""score"": 1, ""label"": ""weak representation precision""},
    ""JEU"": {""score"": 0, ""label"": ""minimal evidence use""},
    ""BCU"": {""score"": 1, ""label"": ""weak boundary understanding""},
    ""GPA"": {""score"": 1, ""label"": ""weak generative production""},
    ""CC"": {""score"": 2, ""label"": ""mixed confidence calibration""}
  },
  ""achievement"": {
    ""probability"": 0.45
  }
}",,16.2,1
kjxxuij,cypnksx,A16,56c1830743702099166e7d1d6063146e668e93057dc40632774ea1a9540c9f23,0.72,"{
  ""dimensions"": {
    ""ES"": {""score"": 3, ""label"": ""strong final accuracy""},
    ""IRV"": {""score"": 2, ""label"": ""mixed reasoning validity""},
    ""LGC"": {""score"": 3, ""label"": ""strong objective coverage""},
    ""NTP"": {""score"": 2, ""label"": ""mixed transfer performance""},
    ""COC"": {""score"": 2, ""label"": ""mixed performance consistency""},
    ""SMR"": {""score"": 3, ""label"": ""strong misconception resolution""},
    ""SEQ"": {""score"": 2, ""label"": ""mixed explanation quality""},
    ""PC"": {""score"": 2, ""label"": ""mixed procedural completeness""},
    ""SSA"": {""score"": 2, ""label"": ""mixed strategy selection""},
    ""SEC"": {""score"": 1, ""label"": ""weak error correction""},
    ""WCR"": {""score"": 3, ""label"": ""strong knowledge retention""},
    ""RP"": {""score"": 2, ""label"": ""mixed representation precision""},
    ""JEU"": {""score"": 2, ""label"": ""mixed evidence use""},
    ""BCU"": {""score"": 2, ""label"": ""mixed boundary understanding""},
    ""GPA"": {""score"": 2, ""label"": ""mixed generative production""},
    ""CC"": {""score"": 1, ""label"": ""weak confidence calibration""}
  },
  ""achievement"": {
    ""probability"": 0.72
  }
}",,17.9,1
gydwvpg,lecbpmg,A16,56c1830743702099166e7d1d6063146e668e93057dc40632774ea1a9540c9f23,0.65,"{
  ""dimensions"": {
    ""ES"": {""score"": 2, ""label"": ""mixed final accuracy""},
    ""IRV"": {""score"": 2, ""label"": ""mixed reasoning validity""},
    ""LGC"": {""score"": 3, ""label"": ""strong objective coverage""},
    ""NTP"": {""score"": 1, ""label"": ""weak transfer performance""},
    ""COC"": {""score"": 2, ""label"": ""mixed performance consistency""},
    ""SMR"": {""score"": 2, ""label"": ""mixed misconception resolution""},
    ""SEQ"": {""score"": 2, ""label"": ""mixed explanation quality""},
    ""PC"": {""score"": 2, ""label"": ""mixed procedural completeness""},
    ""SSA"": {""score"": 1, ""label"": ""weak strategy selection""},
    ""SEC"": {""score"": 3, ""label"": ""strong error correction""},
    ""WCR"": {""score"": 2, ""label"": ""mixed knowledge retention""},
    ""RP"": {""score"": 2, ""label"": ""mixed representation precision""},
    ""JEU"": {""score"": 1, ""label"": ""weak evidence use""},
    ""BCU"": {""score"": 1, ""label"": ""weak boundary understanding""},
    ""GPA"": {""score"": 2, ""label"": ""mixed generative production""},
    ""CC"": {""score"": 2, ""label"": ""mixed confidence calibration""}
  },
  ""achievement"": {
    ""probability"": 0.65
  }
}",,19.37,1
dhikiuk,mictpwi,A16,56c1830743702099166e7d1d6063146e668e93057dc40632774ea1a9540c9f23,0.65,"{
  ""dimensions"": {
    ""ES"": {""score"": 2, ""label"": ""mixed final accuracy""},
    ""IRV"": {""score"": 2, ""label"": ""mixed reasoning validity""},
    ""LGC"": {""score"": 3, ""label"": ""strong objective coverage""},
    ""NTP"": {""score"": 1, ""label"": ""weak transfer performance""},
    ""COC"": {""score"": 2, ""label"": ""mixed performance consistency""},
    ""SMR"": {""score"": 3, ""label"": ""strong misconception resolution""},
    ""SEQ"": {""score"": 2, ""label"": ""mixed explanation quality""},
    ""PC"": {""score"": 2, ""label"": ""mixed procedural completeness""},
    ""SSA"": {""score"": 2, ""label"": ""mixed strategy selection""},
    ""SEC"": {""score"": 3, ""label"": ""strong error correction""},
    ""WCR"": {""score"": 2, ""label"": ""mixed knowledge retention""},
    ""RP"": {""score"": 2, ""label"": ""mixed representation precision""},
    ""JEU"": {""score"": 2, ""label"": ""mixed evidence use""},
    ""BCU"": {""score"": 3, ""label"": ""strong boundary understanding""},
    ""GPA"": {""score"": 2, ""label"": ""mixed generative production""},
    ""CC"": {""score"": 1, ""label"": ""weak confidence calibration""}
  },
  ""achievement"": {
    ""probability"": 0.65
  }
}",,17.49,1
jlskiau,dodtqwx,A16,56c1830743702099166e7d1d6063146e668e93057dc40632774ea1a9540c9f23,0.65,"{
  ""dimensions"": {
    ""ES"": {""score"": 2, ""label"": ""mixed final accuracy""},
    ""IRV"": {""score"": 2, ""label"": ""mixed reasoning validity""},
    ""LGC"": {""score"": 3, ""label"": ""strong objective coverage""},
    ""NTP"": {""score"": 1, ""label"": ""weak transfer performance""},
    ""COC"": {""score"": 2, ""label"": ""mixed performance consistency""},
    ""SMR"": {""score"": 3, ""label"": ""strong misconception resolution""},
    ""SEQ"": {""score"": 2, ""label"": ""mixed explanation quality""},
    ""PC"": {""score"": 2, ""label"": ""mixed procedural completeness""},
    ""SSA"": {""score"": 2, ""label"": ""mixed strategy selection""},
    ""SEC"": {""score"": 3, ""label"": ""strong error correction""},
    ""WCR"": {""score"": 2, ""label"": ""mixed knowledge retention""},
    ""RP"": {""score"": 2, ""label"": ""mixed representation precision""},
    ""JEU"": {""score"": 1, ""label"": ""weak evidence use""},
    ""BCU"": {""score"": 2, ""label"": ""mixed boundary understanding""},
    ""GPA"": {""score"": 2, ""label"": ""mixed generative production""},
    ""CC"": {""score"": 2, ""label"": ""mixed confidence calibration""}
  },
  ""achievement"": {
    ""probability"": 0.65
  }
}",,17.99,1
mpbkcip,nclzfnn,A16,56c1830743702099166e7d1d6063146e668e93057dc40632774ea1a9540c9f23,0.75,"{
  ""dimensions"": {
    ""ES"": {""score"": 3, ""label"": ""strong final accuracy""},
    ""IRV"": {""score"": 2, ""label"": ""mixed reasoning validity""},
    ""LGC"": {""score"": 3, ""label"": ""strong objective coverage""},
    ""NTP"": {""score"": 2, ""label"": ""mixed transfer performance""},
    ""COC"": {""score"": 2, ""label"": ""mixed performance consistency""},
    ""SMR"": {""score"": 2, ""label"": ""mixed misconception resolution""},
    ""SEQ"": {""score"": 2, ""label"": ""mixed explanation quality""},
    ""PC"": {""score"": 3, ""label"": ""strong procedural completeness""},
    ""SSA"": {""score"": 2, ""label"": ""mixed strategy selection""},
    ""SEC"": {""score"": 1, ""label"": ""weak error correction""},
    ""WCR"": {""score"": 3, ""label"": ""strong knowledge retention""},
    ""RP"": {""score"": 2, ""label"": ""mixed representation precision""},
    ""JEU"": {""score"": 2, ""label"": ""mixed evidence use""},
    ""BCU"": {""score"": 1, ""label"": ""weak boundary understanding""},
    ""GPA"": {""score"": 2, ""label"": ""mixed generative production""},
    ""CC"": {""score"": 3, ""label"": ""strong confidence calibration""}
  },
  ""achievement"": {
    ""probability"": 0.75
  }
}",,19.52,1
aqkwylp,cxpxpkc,A16,56c1830743702099166e7d1d6063146e668e93057dc40632774ea1a9540c9f23,0.55,"{
  ""dimensions"": {
    ""ES"": {""score"": 2, ""label"": ""mixed final accuracy""},
    ""IRV"": {""score"": 2, ""label"": ""mixed reasoning validity""},
    ""LGC"": {""score"": 3, ""label"": ""strong objective coverage""},
    ""NTP"": {""score"": 1, ""label"": ""weak transfer performance""},
    ""COC"": {""score"": 2, ""label"": ""mixed performance consistency""},
    ""SMR"": {""score"": 3, ""label"": ""strong misconception resolution""},
    ""SEQ"": {""score"": 2, ""label"": ""mixed explanation quality""},
    ""PC"": {""score"": 2, ""label"": ""mixed procedural completeness""},
    ""SSA"": {""score"": 1, ""label"": ""weak strategy selection""},
    ""SEC"": {""score"": 3, ""label"": ""strong error correction""},
    ""WCR"": {""score"": 2, ""label"": ""mixed knowledge retention""},
    ""RP"": {""score"": 2, ""label"": ""mixed representation precision""},
    ""JEU"": {""score"": 1, ""label"": ""weak evidence use""},
    ""BCU"": {""score"": 1, ""label"": ""weak boundary understanding""},
    ""GPA"": {""score"": 1, ""label"": ""weak generative production""},
    ""CC"": {""score"": 3, ""label"": ""strong confidence calibration""}
  },
  ""achievement"": {
    ""probability"": 0.55
  }
}",,18.14,1
mdbfquf,myyqlcw,A16,56c1830743702099166e7d1d6063146e668e93057dc40632774ea1a9540c9f23,0.45,"{
  ""dimensions"": {
    ""ES"": {""score"": 2, ""label"": ""mixed final accuracy""},
    ""IRV"": {""score"": 1, ""label"": ""weak reasoning validity""},
    ""LGC"": {""score"": 2, ""label"": ""mixed objective coverage""},
    ""NTP"": {""score"": 1, ""label"": ""weak transfer performance""},
    ""COC"": {""score"": 1, ""label"": ""weak performance consistency""},
    ""SMR"": {""score"": 2, ""label"": ""mixed misconception resolution""},
    ""SEQ"": {""score"": 0, ""label"": ""minimal explanation quality""},
    ""PC"": {""score"": 1, ""label"": ""weak procedural completeness""},
    ""SSA"": {""score"": 1, ""label"": ""weak strategy selection""},
    ""SEC"": {""score"": 2, ""label"": ""mixed error correction""},
    ""WCR"": {""score"": 1, ""label"": ""weak knowledge retention""},
    ""RP"": {""score"": 1, ""label"": ""weak representation precision""},
    ""JEU"": {""score"": 0, ""label"": ""minimal evidence use""},
    ""BCU"": {""score"": 1, ""label"": ""weak boundary understanding""},
    ""GPA"": {""score"": 1, ""label"": ""weak generative production""},
    ""CC"": {""score"": 2, ""label"": ""mixed confidence calibration""}
  },
  ""achievement"": {
    ""probability"": 0.45
  }
}",,18.98,1
hgvkapp,jlazjjg,A16,56c1830743702099166e7d1d6063146e668e93057dc40632774ea1a9540c9f23,0.55,"{
  ""dimensions"": {
    ""ES"": {""score"": 2, ""label"": ""mixed final accuracy""},
    ""IRV"": {""score"": 2, ""label"": ""mixed reasoning validity""},
    ""LGC"": {""score"": 3, ""label"": ""strong objective coverage""},
    ""NTP"": {""score"": 1, ""label"": ""weak transfer performance""},
    ""COC"": {""score"": 2, ""label"": ""mixed performance consistency""},
    ""SMR"": {""score"": 2, ""label"": ""mixed misconception resolution""},
    ""SEQ"": {""score"": 2, ""label"": ""mixed explanation quality""},
    ""PC"": {""score"": 2, ""label"": ""mixed procedural completeness""},
    ""SSA"": {""score"": 2, ""label"": ""mixed strategy selection""},
    ""SEC"": {""score"": 1, ""label"": ""weak error correction""},
    ""WCR"": {""score"": 2, ""label"": ""mixed knowledge retention""},
    ""RP"": {""score"": 2, ""label"": ""mixed representation precision""},
    ""JEU"": {""score"": 2, ""label"": ""mixed evidence use""},
    ""BCU"": {""score"": 1, ""label"": ""weak boundary understanding""},
    ""GPA"": {""score"": 2, ""label"": ""mixed generative production""},
    ""CC"": {""score"": 2, ""label"": ""mixed confidence calibration""}
  },
  ""achievement"": {
    ""probability"": 0.55
  }
}",,18.29,1
nejbwfe,isxpuay,A16,56c1830743702099166e7d1d6063146e668e93057dc40632774ea1a9540c9f23,0.45,"{
  ""dimensions"": {
    ""ES"": {""score"": 2, ""label"": ""mixed final accuracy""},
    ""IRV"": {""score"": 1, ""label"": ""weak reasoning validity""},
    ""LGC"": {""score"": 2, ""label"": ""mixed objective coverage""},
    ""NTP"": {""score"": 1, ""label"": ""weak transfer performance""},
    ""COC"": {""score"": 1, ""label"": ""weak performance consistency""},
    ""SMR"": {""score"": 2, ""label"": ""mixed misconception resolution""},
    ""SEQ"": {""score"": 1, ""label"": ""weak explanation quality""},
    ""PC"": {""score"": 1, ""label"": ""weak procedural completeness""},
    ""SSA"": {""score"": 1, ""label"": ""weak strategy selection""},
    ""SEC"": {""score"": 2, ""label"": ""mixed error correction""},
    ""WCR"": {""score"": 2, ""label"": ""mixed knowledge retention""},
    ""RP"": {""score"": 1, ""label"": ""weak representation precision""},
    ""JEU"": {""score"": 0, ""label"": ""minimal evidence use""},
    ""BCU"": {""score"": 1, ""label"": ""weak boundary understanding""},
    ""GPA"": {""score"": 1, ""label"": ""weak generative production""},
    ""CC"": {""score"": 2, ""label"": ""mixed confidence calibration""}
  },
  ""achievement"": {
    ""probability"": 0.45
  }
}",,17.76,1
hacaufu,hjogifm,A16,56c1830743702099166e7d1d6063146e668e93057dc40632774ea1a9540c9f23,0.45,"{
  ""dimensions"": {
    ""ES"": {""score"": 2, ""label"": ""mixed final accuracy""},
    ""IRV"": {""score"": 2, ""label"": ""mixed reasoning validity""},
    ""LGC"": {""score"": 1, ""label"": ""weak objective coverage""},
    ""NTP"": {""score"": null, ""label"": ""not observable""},
    ""COC"": {""score"": 2, ""label"": ""mixed performance consistency""},
    ""SMR"": {""score"": 2, ""label"": ""mixed misconception resolution""},
    ""SEQ"": {""score"": 1, ""label"": ""weak explanation quality""},
    ""PC"": {""score"": 2, ""label"": ""mixed procedural completeness""},
    ""SSA"": {""score"": 1, ""label"": ""weak strategy selection""},
    ""SEC"": {""score"": 2, ""label"": ""mixed error correction""},
    ""WCR"": {""score"": null, ""label"": ""not observable""},
    ""RP"": {""score"": 2, ""label"": ""mixed representation precision""},
    ""JEU"": {""score"": 1, ""label"": ""weak evidence use""},
    ""BCU"": {""score"": null, ""label"": ""not observable""},
    ""GPA"": {""score"": 1, ""label"": ""weak generative production""},
    ""CC"": {""score"": 2, ""label"": ""mixed confidence calibration""}
  },
  ""achievement"": {
    ""probability"": 0.45
  }
}",,16.14,1
nmzlmuw,fktxwar,A16,56c1830743702099166e7d1d6063146e668e93057dc40632774ea1a9540c9f23,0.78,"{
  ""dimensions"": {
    ""ES"": {""score"": 3, ""label"": ""strong final accuracy""},
    ""IRV"": {""score"": 3, ""label"": ""strong reasoning validity""},
    ""LGC"": {""score"": 2, ""label"": ""mixed objective coverage""},
    ""NTP"": {""score"": 2, ""label"": ""mixed transfer performance""},
    ""COC"": {""score"": 3, ""label"": ""strong performance consistency""},
    ""SMR"": {""score"": 3, ""label"": ""strong misconception resolution""},
    ""SEQ"": {""score"": 3, ""label"": ""strong explanation quality""},
    ""PC"": {""score"": 2, ""label"": ""mixed procedural completeness""},
    ""SSA"": {""score"": 3, ""label"": ""strong strategy selection""},
    ""SEC"": {""score"": 2, ""label"": ""mixed error correction""},
    ""WCR"": {""score"": 3, ""label"": ""strong knowledge retention""},
    ""RP"": {""score"": 2, ""label"": ""mixed representation precision""},
    ""JEU"": {""score"": 3, ""label"": ""strong evidence use""},
    ""BCU"": {""score"": 2, ""label"": ""mixed boundary understanding""},
    ""GPA"": {""score"": 2, ""label"": ""mixed generative production""},
    ""CC"": {""score"": 2, ""label"": ""mixed confidence calibration""}
  },
  ""achievement"": {
    ""probability"": 0.78
  }
}",,18.05,1
kbfmjiz,glozcug,A16,56c1830743702099166e7d1d6063146e668e93057dc40632774ea1a9540c9f23,0.35,"{
  ""dimensions"": {
    ""ES"": {""score"": 1, ""label"": ""weak final accuracy""},
    ""IRV"": {""score"": 1, ""label"": ""weak reasoning validity""},
    ""LGC"": {""score"": 2, ""label"": ""mixed objective coverage""},
    ""NTP"": {""score"": null, ""label"": ""not observable""},
    ""COC"": {""score"": 1, ""label"": ""weak performance consistency""},
    ""SMR"": {""score"": 2, ""label"": ""mixed misconception resolution""},
    ""SEQ"": {""score"": 1, ""label"": ""weak explanation quality""},
    ""PC"": {""score"": 1, ""label"": ""weak procedural completeness""},
    ""SSA"": {""score"": 1, ""label"": ""weak strategy selection""},
    ""SEC"": {""score"": 2, ""label"": ""mixed error correction""},
    ""WCR"": {""score"": 2, ""label"": ""mixed knowledge retention""},
    ""RP"": {""score"": 1, ""label"": ""weak representation precision""},
    ""JEU"": {""score"": 1, ""label"": ""weak evidence use""},
    ""BCU"": {""score"": null, ""label"": ""not observable""},
    ""GPA"": {""score"": 1, ""label"": ""weak generative production""},
    ""CC"": {""score"": 2, ""label"": ""mixed confidence calibration""}
  },
  ""achievement"": {
    ""probability"": 0.35
  }
}",,17.27,1
emwcrkp,lymqjye,A16,56c1830743702099166e7d1d6063146e668e93057dc40632774ea1a9540c9f23,0.55,"{
  ""dimensions"": {
    ""ES"": {""score"": 2, ""label"": ""mixed final accuracy""},
    ""IRV"": {""score"": 1, ""label"": ""weak reasoning validity""},
    ""LGC"": {""score"": 2, ""label"": ""mixed objective coverage""},
    ""NTP"": {""score"": 1, ""label"": ""weak transfer performance""},
    ""COC"": {""score"": 2, ""label"": ""mixed performance consistency""},
    ""SMR"": {""score"": 2, ""label"": ""mixed misconception resolution""},
    ""SEQ"": {""score"": 1, ""label"": ""weak explanation quality""},
    ""PC"": {""score"": 1, ""label"": ""weak procedural completeness""},
    ""SSA"": {""score"": 1, ""label"": ""weak strategy selection""},
    ""SEC"": {""score"": 2, ""label"": ""mixed error correction""},
    ""WCR"": {""score"": 2, ""label"": ""mixed knowledge retention""},
    ""RP"": {""score"": 2, ""label"": ""mixed representation precision""},
    ""JEU"": {""score"": 1, ""label"": ""weak evidence use""},
    ""BCU"": {""score"": 2, ""label"": ""mixed boundary understanding""},
    ""GPA"": {""score"": 2, ""label"": ""mixed generative production""},
    ""CC"": {""score"": 2, ""label"": ""mixed confidence calibration""}
  },
  ""achievement"": {
    ""probability"": 0.55
  }
}",,16.5,1
kcvvtrw,jfbvujd,A16,56c1830743702099166e7d1d6063146e668e93057dc40632774ea1a9540c9f23,0.85,"{
  ""dimensions"": {
    ""ES"": {""score"": 3, ""label"": ""strong final accuracy""},
    ""IRV"": {""score"": 3, ""label"": ""strong reasoning validity""},
    ""LGC"": {""score"": 2, ""label"": ""mixed objective coverage""},
    ""NTP"": {""score"": 2, ""label"": ""mixed transfer performance""},
    ""COC"": {""score"": 3, ""label"": ""strong performance consistency""},
    ""SMR"": {""score"": 4, ""label"": ""exceptional misconception resolution""},
    ""SEQ"": {""score"": 3, ""label"": ""strong explanation quality""},
    ""PC"": {""score"": 2, ""label"": ""mixed procedural completeness""},
    ""SSA"": {""score"": 3, ""label"": ""strong strategy selection""},
    ""SEC"": {""score"": 3, ""label"": ""strong error correction""},
    ""WCR"": {""score"": 3, ""label"": ""strong knowledge retention""},
    ""RP"": {""score"": 2, ""label"": ""mixed representation precision""},
    ""JEU"": {""score"": 3, ""label"": ""strong evidence use""},
    ""BCU"": {""score"": 2, ""label"": ""mixed boundary understanding""},
    ""GPA"": {""score"": 2, ""label"": ""mixed generative production""},
    ""CC"": {""score"": 3, ""label"": ""strong confidence calibration""}
  },
  ""achievement"": {
    ""probability"": 0.85
  }
}",,17.49,1
dtnpjmm,diyexko,A16,56c1830743702099166e7d1d6063146e668e93057dc40632774ea1a9540c9f23,0.35,"{
  ""dimensions"": {
    ""ES"": {""score"": 1, ""label"": ""weak final accuracy""},
    ""IRV"": {""score"": 1, ""label"": ""weak reasoning validity""},
    ""LGC"": {""score"": 2, ""label"": ""mixed objective coverage""},
    ""NTP"": {""score"": null, ""label"": ""not observable""},
    ""COC"": {""score"": 1, ""label"": ""weak performance consistency""},
    ""SMR"": {""score"": 2, ""label"": ""mixed misconception resolution""},
    ""SEQ"": {""score"": 1, ""label"": ""weak explanation quality""},
    ""PC"": {""score"": 1, ""label"": ""weak procedural completeness""},
    ""SSA"": {""score"": 1, ""label"": ""weak strategy selection""},
    ""SEC"": {""score"": 2, ""label"": ""mixed error correction""},
    ""WCR"": {""score"": 1, ""label"": ""weak knowledge retention""},
    ""RP"": {""score"": 1, ""label"": ""weak representation precision""},
    ""JEU"": {""score"": 0, ""label"": ""minimal evidence use""},
    ""BCU"": {""score"": 1, ""label"": ""weak boundary understanding""},
    ""GPA"": {""score"": 1, ""label"": ""weak generative production""},
    ""CC"": {""score"": 2, ""label"": ""mixed confidence calibration""}
  },
  ""achievement"": {
    ""probability"": 0.35
  }
}",,18.29,1
bqctbub,gyatrag,A16,56c1830743702099166e7d1d6063146e668e93057dc40632774ea1a9540c9f23,0.45,"{
  ""dimensions"": {
    ""ES"": {""score"": 2, ""label"": ""mixed final accuracy""},
    ""IRV"": {""score"": 2, ""label"": ""mixed reasoning validity""},
    ""LGC"": {""score"": 1, ""label"": ""weak objective coverage""},
    ""NTP"": {""score"": 1, ""label"": ""weak transfer performance""},
    ""COC"": {""score"": 1, ""label"": ""weak performance consistency""},
    ""SMR"": {""score"": 2, ""label"": ""mixed misconception resolution""},
    ""SEQ"": {""score"": 2, ""label"": ""mixed explanation quality""},
    ""PC"": {""score"": 1, ""label"": ""weak procedural completeness""},
    ""SSA"": {""score"": 1, ""label"": ""weak strategy selection""},
    ""SEC"": {""score"": 1, ""label"": ""weak error correction""},
    ""WCR"": {""score"": 2, ""label"": ""mixed knowledge retention""},
    ""RP"": {""score"": 2, ""label"": ""mixed representation precision""},
    ""JEU"": {""score"": 2, ""label"": ""mixed evidence use""},
    ""BCU"": {""score"": 1, ""label"": ""weak boundary understanding""},
    ""GPA"": {""score"": 1, ""label"": ""weak generative production""},
    ""CC"": {""score"": 2, ""label"": ""mixed confidence calibration""}
  },
  ""achievement"": {
    ""probability"": 0.45
  }
}",,16.5,1
