response_id,session_id,prompt_name,prompt_hash,probability,raw_content,error,elapsed_sec,attempts
kdwihol,kmerrzd,D16,2cba3dce059cb12516bab5cf4488981976bf492ee37b974bef69bdb802027e30,0.35,"{
  ""dimensions"": {
    ""EKS"": {
      ""score"": 2,
      ""label"": ""mixed entry knowledge""
    },
    ""PR"": {
      ""score"": 2,
      ""label"": ""mixed prerequisite readiness""
    },
    ""EPE"": {
      ""score"": 3,
      ""label"": ""strong prior exposure""
    },
    ""LTD"": {
      ""score"": 2,
      ""label"": ""mixed topic manageability""
    },
    ""CAL"": {
      ""score"": 1,
      ""label"": ""weak conceptual manageability""
    },
    ""PBL"": {
      ""score"": 1,
      ""label"": ""weak procedural manageability""
    },
    ""LCB"": {
      ""score"": 3,
      ""label"": ""strong language accessibility""
    },
    ""ELC"": {
      ""score"": 2,
      ""label"": ""mixed expressive adequacy""
    },
    ""WMS"": {
      ""score"": 1,
      ""label"": ""weak memory manageability""
    },
    ""NCB"": {
      ""score"": 1,
      ""label"": ""weak notation manageability""
    },
    ""TFF"": {
      ""score"": 2,
      ""label"": ""mixed format familiarity""
    },
    ""DGC"": {
      ""score"": null,
      ""label"": ""not observable""
    },
    ""AL"": {
      ""score"": 3,
      ""label"": ""strong emotional readiness""
    },
    ""MGO"": {
      ""score"": 3,
      ""label"": ""strong learning motivation""
    },
    ""RIE"": {
      ""score"": 4,
      ""label"": ""exceptional instructional exposure""
    },
    ""ESD"": {
      ""score"": 2,
      ""label"": ""mixed environmental stability""
    }
  },
  ""achievement"": {
    ""probability"": 0.35
  }
}",,23.01,1
dauxfyr,gczysty,D16,2cba3dce059cb12516bab5cf4488981976bf492ee37b974bef69bdb802027e30,0.85,"{
  ""dimensions"": {
    ""EKS"": {
      ""score"": 3,
      ""label"": ""strong entry knowledge""
    },
    ""PR"": {
      ""score"": 3,
      ""label"": ""strong prerequisite readiness""
    },
    ""EPE"": {
      ""score"": 3,
      ""label"": ""strong prior exposure""
    },
    ""LTD"": {
      ""score"": 4,
      ""label"": ""exceptional topic manageability""
    },
    ""CAL"": {
      ""score"": 3,
      ""label"": ""strong conceptual manageability""
    },
    ""PBL"": {
      ""score"": 3,
      ""label"": ""strong procedural manageability""
    },
    ""LCB"": {
      ""score"": 2,
      ""label"": ""mixed language accessibility""
    },
    ""ELC"": {
      ""score"": 3,
      ""label"": ""strong expressive adequacy""
    },
    ""WMS"": {
      ""score"": 3,
      ""label"": ""strong memory manageability""
    },
    ""NCB"": {
      ""score"": 3,
      ""label"": ""strong notation manageability""
    },
    ""TFF"": {
      ""score"": 3,
      ""label"": ""strong format familiarity""
    },
    ""DGC"": {
      ""score"": null,
      ""label"": ""not observable""
    },
    ""AL"": {
      ""score"": 4,
      ""label"": ""exceptional emotional readiness""
    },
    ""MGO"": {
      ""score"": 3,
      ""label"": ""strong learning motivation""
    },
    ""RIE"": {
      ""score"": 4,
      ""label"": ""exceptional instructional exposure""
    },
    ""ESD"": {
      ""score"": 2,
      ""label"": ""mixed environmental stability""
    }
  },
  ""achievement"": {
    ""probability"": 0.85
  }
}",,22.45,1
hhntuet,gitfpzq,D16,2cba3dce059cb12516bab5cf4488981976bf492ee37b974bef69bdb802027e30,0.85,"{
  ""dimensions"": {
    ""EKS"": {
      ""score"": 3,
      ""label"": ""strong entry knowledge""
    },
    ""PR"": {
      ""score"": 3,
      ""label"": ""strong prerequisite readiness""
    },
    ""EPE"": {
      ""score"": 4,
      ""label"": ""exceptional prior exposure""
    },
    ""LTD"": {
      ""score"": 3,
      ""label"": ""strong topic manageability""
    },
    ""CAL"": {
      ""score"": 2,
      ""label"": ""mixed conceptual manageability""
    },
    ""PBL"": {
      ""score"": 3,
      ""label"": ""strong procedural manageability""
    },
    ""LCB"": {
      ""score"": 3,
      ""label"": ""strong language accessibility""
    },
    ""ELC"": {
      ""score"": 2,
      ""label"": ""mixed expressive adequacy""
    },
    ""WMS"": {
      ""score"": 3,
      ""label"": ""strong memory manageability""
    },
    ""NCB"": {
      ""score"": 3,
      ""label"": ""strong notation manageability""
    },
    ""TFF"": {
      ""score"": 4,
      ""label"": ""exceptional format familiarity""
    },
    ""DGC"": {
      ""score"": null,
      ""label"": ""not observable""
    },
    ""AL"": {
      ""score"": 3,
      ""label"": ""strong emotional readiness""
    },
    ""MGO"": {
      ""score"": 3,
      ""label"": ""strong learning motivation""
    },
    ""RIE"": {
      ""score"": 4,
      ""label"": ""exceptional instructional exposure""
    },
    ""ESD"": {
      ""score"": 2,
      ""label"": ""mixed environmental stability""
    }
  },
  ""achievement"": {
    ""probability"": 0.85
  }
}",,23.48,1
gclnknm,kzqayug,D16,2cba3dce059cb12516bab5cf4488981976bf492ee37b974bef69bdb802027e30,0.75,"{
  ""dimensions"": {
    ""EKS"": {
      ""score"": 3,
      ""label"": ""strong entry knowledge""
    },
    ""PR"": {
      ""score"": 3,
      ""label"": ""strong prerequisite readiness""
    },
    ""EPE"": {
      ""score"": 2,
      ""label"": ""mixed prior exposure""
    },
    ""LTD"": {
      ""score"": 3,
      ""label"": ""strong topic manageability""
    },
    ""CAL"": {
      ""score"": 3,
      ""label"": ""strong conceptual manageability""
    },
    ""PBL"": {
      ""score"": 2,
      ""label"": ""mixed procedural manageability""
    },
    ""LCB"": {
      ""score"": 3,
      ""label"": ""strong language accessibility""
    },
    ""ELC"": {
      ""score"": 2,
      ""label"": ""mixed expressive adequacy""
    },
    ""WMS"": {
      ""score"": 2,
      ""label"": ""mixed memory manageability""
    },
    ""NCB"": {
      ""score"": 3,
      ""label"": ""strong notation manageability""
    },
    ""TFF"": {
      ""score"": 3,
      ""label"": ""strong format familiarity""
    },
    ""DGC"": {
      ""score"": null,
      ""label"": ""not observable""
    },
    ""AL"": {
      ""score"": 3,
      ""label"": ""strong emotional readiness""
    },
    ""MGO"": {
      ""score"": 4,
      ""label"": ""exceptional learning motivation""
    },
    ""RIE"": {
      ""score"": 2,
      ""label"": ""mixed instructional exposure""
    },
    ""ESD"": {
      ""score"": 1,
      ""label"": ""weak environmental stability""
    }
  },
  ""achievement"": {
    ""probability"": 0.75
  }
}",,21.71,1
iahatcl,mbtiehl,D16,2cba3dce059cb12516bab5cf4488981976bf492ee37b974bef69bdb802027e30,0.65,"{
  ""dimensions"": {
    ""EKS"": {
      ""score"": 1,
      ""label"": ""weak entry knowledge""
    },
    ""PR"": {
      ""score"": 2,
      ""label"": ""mixed prerequisite readiness""
    },
    ""EPE"": {
      ""score"": 2,
      ""label"": ""mixed prior exposure""
    },
    ""LTD"": {
      ""score"": 3,
      ""label"": ""strong topic manageability""
    },
    ""CAL"": {
      ""score"": 3,
      ""label"": ""strong conceptual manageability""
    },
    ""PBL"": {
      ""score"": 2,
      ""label"": ""mixed procedural manageability""
    },
    ""LCB"": {
      ""score"": 3,
      ""label"": ""strong language accessibility""
    },
    ""ELC"": {
      ""score"": 2,
      ""label"": ""mixed expressive adequacy""
    },
    ""WMS"": {
      ""score"": 2,
      ""label"": ""mixed memory manageability""
    },
    ""NCB"": {
      ""score"": 1,
      ""label"": ""weak notation manageability""
    },
    ""TFF"": {
      ""score"": 3,
      ""label"": ""strong format familiarity""
    },
    ""DGC"": {
      ""score"": null,
      ""label"": ""not observable""
    },
    ""AL"": {
      ""score"": 4,
      ""label"": ""exceptional emotional readiness""
    },
    ""MGO"": {
      ""score"": 3,
      ""label"": ""strong learning motivation""
    },
    ""RIE"": {
      ""score"": 3,
      ""label"": ""strong instructional exposure""
    },
    ""ESD"": {
      ""score"": 2,
      ""label"": ""mixed environmental stability""
    }
  },
  ""achievement"": {
    ""probability"": 0.65
  }
}",,21.97,1
gtpzatd,hckfagf,D16,2cba3dce059cb12516bab5cf4488981976bf492ee37b974bef69bdb802027e30,0.65,"{
  ""dimensions"": {
    ""EKS"": {
      ""score"": 2,
      ""label"": ""mixed entry knowledge""
    },
    ""PR"": {
      ""score"": 3,
      ""label"": ""strong prerequisite readiness""
    },
    ""EPE"": {
      ""score"": 3,
      ""label"": ""strong prior exposure""
    },
    ""LTD"": {
      ""score"": 2,
      ""label"": ""mixed topic manageability""
    },
    ""CAL"": {
      ""score"": 2,
      ""label"": ""mixed conceptual manageability""
    },
    ""PBL"": {
      ""score"": 2,
      ""label"": ""mixed procedural manageability""
    },
    ""LCB"": {
      ""score"": 3,
      ""label"": ""strong language accessibility""
    },
    ""ELC"": {
      ""score"": 2,
      ""label"": ""mixed expressive adequacy""
    },
    ""WMS"": {
      ""score"": 1,
      ""label"": ""weak memory manageability""
    },
    ""NCB"": {
      ""score"": 2,
      ""label"": ""mixed notation manageability""
    },
    ""TFF"": {
      ""score"": 3,
      ""label"": ""strong format familiarity""
    },
    ""DGC"": {
      ""score"": null,
      ""label"": ""not observable""
    },
    ""AL"": {
      ""score"": 3,
      ""label"": ""strong emotional readiness""
    },
    ""MGO"": {
      ""score"": 3,
      ""label"": ""strong learning motivation""
    },
    ""RIE"": {
      ""score"": 4,
      ""label"": ""exceptional instructional exposure""
    },
    ""ESD"": {
      ""score"": 2,
      ""label"": ""mixed environmental stability""
    }
  },
  ""achievement"": {
    ""probability"": 0.65
  }
}",,22.26,1
mmtdpna,bjlsops,D16,2cba3dce059cb12516bab5cf4488981976bf492ee37b974bef69bdb802027e30,0.75,"{
  ""dimensions"": {
    ""EKS"": {""score"": 2, ""label"": ""mixed entry knowledge""},
    ""PR"": {""score"": 3, ""label"": ""strong prerequisite readiness""},
    ""EPE"": {""score"": 1, ""label"": ""weak prior exposure""},
    ""LTD"": {""score"": 3, ""label"": ""strong topic manageability""},
    ""CAL"": {""score"": 2, ""label"": ""mixed conceptual manageability""},
    ""PBL"": {""score"": 3, ""label"": ""strong procedural manageability""},
    ""LCB"": {""score"": 3, ""label"": ""strong language accessibility""},
    ""ELC"": {""score"": 2, ""label"": ""mixed expressive adequacy""},
    ""WMS"": {""score"": 2, ""label"": ""mixed memory manageability""},
    ""NCB"": {""score"": 2, ""label"": ""mixed notation manageability""},
    ""TFF"": {""score"": 3, ""label"": ""strong format familiarity""},
    ""DGC"": {""score"": null, ""label"": ""not observable""},
    ""AL"": {""score"": 4, ""label"": ""exceptional emotional readiness""},
    ""MGO"": {""score"": 4, ""label"": ""exceptional learning motivation""},
    ""RIE"": {""score"": 3, ""label"": ""strong instructional exposure""},
    ""ESD"": {""score"": 2, ""label"": ""mixed environmental stability""}
  },
  ""achievement"": {
    ""probability"": 0.75
  }
}",,20.81,1
iilkmwq,lsmftoc,D16,2cba3dce059cb12516bab5cf4488981976bf492ee37b974bef69bdb802027e30,0.65,"{
  ""dimensions"": {
    ""EKS"": {
      ""score"": 2,
      ""label"": ""mixed entry knowledge""
    },
    ""PR"": {
      ""score"": 3,
      ""label"": ""strong prerequisite readiness""
    },
    ""EPE"": {
      ""score"": 4,
      ""label"": ""exceptional prior exposure""
    },
    ""LTD"": {
      ""score"": 3,
      ""label"": ""strong topic manageability""
    },
    ""CAL"": {
      ""score"": 2,
      ""label"": ""mixed conceptual manageability""
    },
    ""PBL"": {
      ""score"": 2,
      ""label"": ""mixed procedural manageability""
    },
    ""LCB"": {
      ""score"": 3,
      ""label"": ""strong language accessibility""
    },
    ""ELC"": {
      ""score"": 2,
      ""label"": ""mixed expressive adequacy""
    },
    ""WMS"": {
      ""score"": 1,
      ""label"": ""weak memory manageability""
    },
    ""NCB"": {
      ""score"": 2,
      ""label"": ""mixed notation manageability""
    },
    ""TFF"": {
      ""score"": 3,
      ""label"": ""strong format familiarity""
    },
    ""DGC"": {
      ""score"": null,
      ""label"": ""not observable""
    },
    ""AL"": {
      ""score"": 3,
      ""label"": ""strong emotional readiness""
    },
    ""MGO"": {
      ""score"": 4,
      ""label"": ""exceptional learning motivation""
    },
    ""RIE"": {
      ""score"": 4,
      ""label"": ""exceptional instructional exposure""
    },
    ""ESD"": {
      ""score"": 2,
      ""label"": ""mixed environmental stability""
    }
  },
  ""achievement"": {
    ""probability"": 0.65
  }
}",,23.34,1
lpnvfzp,lffabab,D16,2cba3dce059cb12516bab5cf4488981976bf492ee37b974bef69bdb802027e30,0.85,"{
  ""dimensions"": {
    ""EKS"": {""score"": 3, ""label"": ""strong entry knowledge""},
    ""PR"": {""score"": 3, ""label"": ""strong prerequisite readiness""},
    ""EPE"": {""score"": 4, ""label"": ""exceptional prior exposure""},
    ""LTD"": {""score"": 3, ""label"": ""strong topic manageability""},
    ""CAL"": {""score"": 3, ""label"": ""strong conceptual manageability""},
    ""PBL"": {""score"": 3, ""label"": ""strong procedural manageability""},
    ""LCB"": {""score"": 3, ""label"": ""strong language accessibility""},
    ""ELC"": {""score"": 2, ""label"": ""mixed expressive adequacy""},
    ""WMS"": {""score"": 3, ""label"": ""strong memory manageability""},
    ""NCB"": {""score"": 3, ""label"": ""strong notation manageability""},
    ""TFF"": {""score"": 3, ""label"": ""strong format familiarity""},
    ""DGC"": {""score"": null, ""label"": ""not observable""},
    ""AL"": {""score"": 4, ""label"": ""exceptional emotional readiness""},
    ""MGO"": {""score"": 4, ""label"": ""exceptional learning motivation""},
    ""RIE"": {""score"": 4, ""label"": ""exceptional instructional exposure""},
    ""ESD"": {""score"": 2, ""label"": ""mixed environmental stability""}
  },
  ""achievement"": {
    ""probability"": 0.85
  }
}",,18.36,1
nmfsaln,hggezne,D16,2cba3dce059cb12516bab5cf4488981976bf492ee37b974bef69bdb802027e30,0.55,"{
  ""dimensions"": {
    ""EKS"": {""score"": 1, ""label"": ""weak entry knowledge""},
    ""PR"": {""score"": 2, ""label"": ""mixed prerequisite readiness""},
    ""EPE"": {""score"": 3, ""label"": ""strong prior exposure""},
    ""LTD"": {""score"": 2, ""label"": ""mixed topic manageability""},
    ""CAL"": {""score"": 2, ""label"": ""mixed conceptual manageability""},
    ""PBL"": {""score"": 1, ""label"": ""weak procedural manageability""},
    ""LCB"": {""score"": 3, ""label"": ""strong language accessibility""},
    ""ELC"": {""score"": 2, ""label"": ""mixed expressive adequacy""},
    ""WMS"": {""score"": 1, ""label"": ""weak memory manageability""},
    ""NCB"": {""score"": 1, ""label"": ""weak notation manageability""},
    ""TFF"": {""score"": 2, ""label"": ""mixed format familiarity""},
    ""DGC"": {""score"": null, ""label"": ""not observable""},
    ""AL"": {""score"": 3, ""label"": ""strong emotional readiness""},
    ""MGO"": {""score"": 3, ""label"": ""strong learning motivation""},
    ""RIE"": {""score"": 4, ""label"": ""exceptional instructional exposure""},
    ""ESD"": {""score"": 2, ""label"": ""mixed environmental stability""}
  },
  ""achievement"": {
    ""probability"": 0.55
  }
}",,15.58,1
hdmvkpo,kmwkdgg,D16,2cba3dce059cb12516bab5cf4488981976bf492ee37b974bef69bdb802027e30,0.85,"{
  ""dimensions"": {
    ""EKS"": {
      ""score"": 2,
      ""label"": ""mixed entry knowledge""
    },
    ""PR"": {
      ""score"": 3,
      ""label"": ""strong prerequisite readiness""
    },
    ""EPE"": {
      ""score"": 4,
      ""label"": ""exceptional prior exposure""
    },
    ""LTD"": {
      ""score"": 3,
      ""label"": ""strong topic manageability""
    },
    ""CAL"": {
      ""score"": 3,
      ""label"": ""strong conceptual manageability""
    },
    ""PBL"": {
      ""score"": 3,
      ""label"": ""strong procedural manageability""
    },
    ""LCB"": {
      ""score"": 2,
      ""label"": ""mixed language accessibility""
    },
    ""ELC"": {
      ""score"": 2,
      ""label"": ""mixed expressive adequacy""
    },
    ""WMS"": {
      ""score"": 3,
      ""label"": ""strong memory manageability""
    },
    ""NCB"": {
      ""score"": 3,
      ""label"": ""strong notation manageability""
    },
    ""TFF"": {
      ""score"": 4,
      ""label"": ""exceptional format familiarity""
    },
    ""DGC"": {
      ""score"": null,
      ""label"": ""not observable""
    },
    ""AL"": {
      ""score"": 3,
      ""label"": ""strong emotional readiness""
    },
    ""MGO"": {
      ""score"": 3,
      ""label"": ""strong learning motivation""
    },
    ""RIE"": {
      ""score"": 4,
      ""label"": ""exceptional instructional exposure""
    },
    ""ESD"": {
      ""score"": 2,
      ""label"": ""mixed environmental stability""
    }
  },
  ""achievement"": {
    ""probability"": 0.85
  }
}",,23.37,1
cvtkndi,frofdvk,D16,2cba3dce059cb12516bab5cf4488981976bf492ee37b974bef69bdb802027e30,0.55,"{
  ""dimensions"": {
    ""EKS"": {
      ""score"": 2,
      ""label"": ""mixed entry knowledge""
    },
    ""PR"": {
      ""score"": 2,
      ""label"": ""mixed prerequisite readiness""
    },
    ""EPE"": {
      ""score"": 3,
      ""label"": ""strong prior exposure""
    },
    ""LTD"": {
      ""score"": 2,
      ""label"": ""mixed topic manageability""
    },
    ""CAL"": {
      ""score"": 2,
      ""label"": ""mixed conceptual manageability""
    },
    ""PBL"": {
      ""score"": 1,
      ""label"": ""weak procedural manageability""
    },
    ""LCB"": {
      ""score"": 3,
      ""label"": ""strong language accessibility""
    },
    ""ELC"": {
      ""score"": 2,
      ""label"": ""mixed expressive adequacy""
    },
    ""WMS"": {
      ""score"": 1,
      ""label"": ""weak memory manageability""
    },
    ""NCB"": {
      ""score"": 1,
      ""label"": ""weak notation manageability""
    },
    ""TFF"": {
      ""score"": 3,
      ""label"": ""strong format familiarity""
    },
    ""DGC"": {
      ""score"": null,
      ""label"": ""not observable""
    },
    ""AL"": {
      ""score"": 2,
      ""label"": ""mixed emotional readiness""
    },
    ""MGO"": {
      ""score"": 1,
      ""label"": ""weak learning motivation""
    },
    ""RIE"": {
      ""score"": 3,
      ""label"": ""strong instructional exposure""
    },
    ""ESD"": {
      ""score"": 2,
      ""label"": ""mixed environmental stability""
    }
  },
  ""achievement"": {
    ""probability"": 0.55
  }
}",,22.81,1
cdqxbmm,ccbnbjk,D16,2cba3dce059cb12516bab5cf4488981976bf492ee37b974bef69bdb802027e30,0.35,"{
  ""dimensions"": {
    ""EKS"": {""score"": 2, ""label"": ""mixed entry knowledge""},
    ""PR"": {""score"": 2, ""label"": ""mixed prerequisite readiness""},
    ""EPE"": {""score"": 3, ""label"": ""strong prior exposure""},
    ""LTD"": {""score"": 2, ""label"": ""mixed topic manageability""},
    ""CAL"": {""score"": 1, ""label"": ""weak conceptual manageability""},
    ""PBL"": {""score"": 1, ""label"": ""weak procedural manageability""},
    ""LCB"": {""score"": 3, ""label"": ""strong language accessibility""},
    ""ELC"": {""score"": 2, ""label"": ""mixed expressive adequacy""},
    ""WMS"": {""score"": 1, ""label"": ""weak memory manageability""},
    ""NCB"": {""score"": 1, ""label"": ""weak notation manageability""},
    ""TFF"": {""score"": 3, ""label"": ""strong format familiarity""},
    ""DGC"": {""score"": null, ""label"": ""not observable""},
    ""AL"": {""score"": 2, ""label"": ""mixed emotional readiness""},
    ""MGO"": {""score"": 3, ""label"": ""strong learning motivation""},
    ""RIE"": {""score"": 4, ""label"": ""exceptional instructional exposure""},
    ""ESD"": {""score"": 1, ""label"": ""weak environmental stability""}
  },
  ""achievement"": {
    ""probability"": 0.35
  }
}",,16.07,1
fgjewwq,ksggvxp,D16,2cba3dce059cb12516bab5cf4488981976bf492ee37b974bef69bdb802027e30,0.65,"{
  ""dimensions"": {
    ""EKS"": {
      ""score"": 2,
      ""label"": ""mixed entry knowledge""
    },
    ""PR"": {
      ""score"": 3,
      ""label"": ""strong prerequisite readiness""
    },
    ""EPE"": {
      ""score"": 1,
      ""label"": ""weak prior exposure""
    },
    ""LTD"": {
      ""score"": 2,
      ""label"": ""mixed topic manageability""
    },
    ""CAL"": {
      ""score"": 2,
      ""label"": ""mixed conceptual manageability""
    },
    ""PBL"": {
      ""score"": 2,
      ""label"": ""mixed procedural manageability""
    },
    ""LCB"": {
      ""score"": 3,
      ""label"": ""strong language accessibility""
    },
    ""ELC"": {
      ""score"": 2,
      ""label"": ""mixed expressive adequacy""
    },
    ""WMS"": {
      ""score"": 1,
      ""label"": ""weak memory manageability""
    },
    ""NCB"": {
      ""score"": 2,
      ""label"": ""mixed notation manageability""
    },
    ""TFF"": {
      ""score"": 3,
      ""label"": ""strong format familiarity""
    },
    ""DGC"": {
      ""score"": null,
      ""label"": ""not observable""
    },
    ""AL"": {
      ""score"": 2,
      ""label"": ""mixed emotional readiness""
    },
    ""MGO"": {
      ""score"": 3,
      ""label"": ""strong learning motivation""
    },
    ""RIE"": {
      ""score"": 4,
      ""label"": ""exceptional instructional exposure""
    },
    ""ESD"": {
      ""score"": 2,
      ""label"": ""mixed environmental stability""
    }
  },
  ""achievement"": {
    ""probability"": 0.65
  }
}",,23.3,1
gbpowpb,jhqynmx,D16,2cba3dce059cb12516bab5cf4488981976bf492ee37b974bef69bdb802027e30,0.65,"{
  ""dimensions"": {
    ""EKS"": {
      ""score"": 2,
      ""label"": ""mixed entry knowledge""
    },
    ""PR"": {
      ""score"": 3,
      ""label"": ""strong prerequisite readiness""
    },
    ""EPE"": {
      ""score"": 1,
      ""label"": ""weak prior exposure""
    },
    ""LTD"": {
      ""score"": 2,
      ""label"": ""mixed topic manageability""
    },
    ""CAL"": {
      ""score"": 2,
      ""label"": ""mixed conceptual manageability""
    },
    ""PBL"": {
      ""score"": 2,
      ""label"": ""mixed procedural manageability""
    },
    ""LCB"": {
      ""score"": 3,
      ""label"": ""strong language accessibility""
    },
    ""ELC"": {
      ""score"": 2,
      ""label"": ""mixed expressive adequacy""
    },
    ""WMS"": {
      ""score"": 1,
      ""label"": ""weak memory manageability""
    },
    ""NCB"": {
      ""score"": 2,
      ""label"": ""mixed notation manageability""
    },
    ""TFF"": {
      ""score"": 3,
      ""label"": ""strong format familiarity""
    },
    ""DGC"": {
      ""score"": null,
      ""label"": ""not observable""
    },
    ""AL"": {
      ""score"": 2,
      ""label"": ""mixed emotional readiness""
    },
    ""MGO"": {
      ""score"": 3,
      ""label"": ""strong learning motivation""
    },
    ""RIE"": {
      ""score"": 4,
      ""label"": ""exceptional instructional exposure""
    },
    ""ESD"": {
      ""score"": 1,
      ""label"": ""weak environmental stability""
    }
  },
  ""achievement"": {
    ""probability"": 0.65
  }
}",,23.66,1
hbcmmrz,aprpukp,D16,2cba3dce059cb12516bab5cf4488981976bf492ee37b974bef69bdb802027e30,0.45,"{
  ""dimensions"": {
    ""EKS"": {
      ""score"": 2,
      ""label"": ""mixed entry knowledge""
    },
    ""PR"": {
      ""score"": 2,
      ""label"": ""mixed prerequisite readiness""
    },
    ""EPE"": {
      ""score"": 3,
      ""label"": ""strong prior exposure""
    },
    ""LTD"": {
      ""score"": 2,
      ""label"": ""mixed topic manageability""
    },
    ""CAL"": {
      ""score"": 2,
      ""label"": ""mixed conceptual manageability""
    },
    ""PBL"": {
      ""score"": 1,
      ""label"": ""weak procedural manageability""
    },
    ""LCB"": {
      ""score"": 1,
      ""label"": ""weak language accessibility""
    },
    ""ELC"": {
      ""score"": 2,
      ""label"": ""mixed expressive adequacy""
    },
    ""WMS"": {
      ""score"": 1,
      ""label"": ""weak memory manageability""
    },
    ""NCB"": {
      ""score"": 1,
      ""label"": ""weak notation manageability""
    },
    ""TFF"": {
      ""score"": 2,
      ""label"": ""mixed format familiarity""
    },
    ""DGC"": {
      ""score"": null,
      ""label"": ""not observable""
    },
    ""AL"": {
      ""score"": 3,
      ""label"": ""strong emotional readiness""
    },
    ""MGO"": {
      ""score"": 2,
      ""label"": ""mixed learning motivation""
    },
    ""RIE"": {
      ""score"": 3,
      ""label"": ""strong instructional exposure""
    },
    ""ESD"": {
      ""score"": 0,
      ""label"": ""minimal environmental stability""
    }
  },
  ""achievement"": {
    ""probability"": 0.45
  }
}",,21.02,1
atcpqts,mvdrgom,D16,2cba3dce059cb12516bab5cf4488981976bf492ee37b974bef69bdb802027e30,0.75,"{
  ""dimensions"": {
    ""EKS"": {
      ""score"": 1,
      ""label"": ""weak entry knowledge""
    },
    ""PR"": {
      ""score"": 2,
      ""label"": ""mixed prerequisite readiness""
    },
    ""EPE"": {
      ""score"": 0,
      ""label"": ""minimal prior exposure""
    },
    ""LTD"": {
      ""score"": 3,
      ""label"": ""strong topic manageability""
    },
    ""CAL"": {
      ""score"": 2,
      ""label"": ""mixed conceptual manageability""
    },
    ""PBL"": {
      ""score"": 2,
      ""label"": ""mixed procedural manageability""
    },
    ""LCB"": {
      ""score"": 3,
      ""label"": ""strong language accessibility""
    },
    ""ELC"": {
      ""score"": 2,
      ""label"": ""mixed expressive adequacy""
    },
    ""WMS"": {
      ""score"": 1,
      ""label"": ""weak memory manageability""
    },
    ""NCB"": {
      ""score"": 2,
      ""label"": ""mixed notation manageability""
    },
    ""TFF"": {
      ""score"": 3,
      ""label"": ""strong format familiarity""
    },
    ""DGC"": {
      ""score"": null,
      ""label"": ""not observable""
    },
    ""AL"": {
      ""score"": 3,
      ""label"": ""strong emotional readiness""
    },
    ""MGO"": {
      ""score"": 4,
      ""label"": ""exceptional learning motivation""
    },
    ""RIE"": {
      ""score"": 4,
      ""label"": ""exceptional instructional exposure""
    },
    ""ESD"": {
      ""score"": 1,
      ""label"": ""weak environmental stability""
    }
  },
  ""achievement"": {
    ""probability"": 0.75
  }
}",,23.85,1
gamtxfd,atvfdwy,D16,2cba3dce059cb12516bab5cf4488981976bf492ee37b974bef69bdb802027e30,0.75,"{
  ""dimensions"": {
    ""EKS"": {
      ""score"": 2,
      ""label"": ""mixed entry knowledge""
    },
    ""PR"": {
      ""score"": 3,
      ""label"": ""strong prerequisite readiness""
    },
    ""EPE"": {
      ""score"": 1,
      ""label"": ""weak prior exposure""
    },
    ""LTD"": {
      ""score"": 3,
      ""label"": ""strong topic manageability""
    },
    ""CAL"": {
      ""score"": 2,
      ""label"": ""mixed conceptual manageability""
    },
    ""PBL"": {
      ""score"": 2,
      ""label"": ""mixed procedural manageability""
    },
    ""LCB"": {
      ""score"": 3,
      ""label"": ""strong language accessibility""
    },
    ""ELC"": {
      ""score"": 2,
      ""label"": ""mixed expressive adequacy""
    },
    ""WMS"": {
      ""score"": 1,
      ""label"": ""weak memory manageability""
    },
    ""NCB"": {
      ""score"": 2,
      ""label"": ""mixed notation manageability""
    },
    ""TFF"": {
      ""score"": 3,
      ""label"": ""strong format familiarity""
    },
    ""DGC"": {
      ""score"": null,
      ""label"": ""not observable""
    },
    ""AL"": {
      ""score"": 2,
      ""label"": ""mixed emotional readiness""
    },
    ""MGO"": {
      ""score"": 3,
      ""label"": ""strong learning motivation""
    },
    ""RIE"": {
      ""score"": 4,
      ""label"": ""exceptional instructional exposure""
    },
    ""ESD"": {
      ""score"": 0,
      ""label"": ""minimal environmental stability""
    }
  },
  ""achievement"": {
    ""probability"": 0.75
  }
}",,21.62,1
gslurxf,ejedyoy,D16,2cba3dce059cb12516bab5cf4488981976bf492ee37b974bef69bdb802027e30,0.65,"{
  ""dimensions"": {
    ""EKS"": {
      ""score"": 3,
      ""label"": ""strong entry knowledge""
    },
    ""PR"": {
      ""score"": 2,
      ""label"": ""mixed prerequisite readiness""
    },
    ""EPE"": {
      ""score"": 1,
      ""label"": ""weak prior exposure""
    },
    ""LTD"": {
      ""score"": 3,
      ""label"": ""strong topic manageability""
    },
    ""CAL"": {
      ""score"": 2,
      ""label"": ""mixed conceptual manageability""
    },
    ""PBL"": {
      ""score"": 2,
      ""label"": ""mixed procedural manageability""
    },
    ""LCB"": {
      ""score"": 3,
      ""label"": ""strong language accessibility""
    },
    ""ELC"": {
      ""score"": 2,
      ""label"": ""mixed expressive adequacy""
    },
    ""WMS"": {
      ""score"": 1,
      ""label"": ""weak memory manageability""
    },
    ""NCB"": {
      ""score"": 3,
      ""label"": ""strong notation manageability""
    },
    ""TFF"": {
      ""score"": 2,
      ""label"": ""mixed format familiarity""
    },
    ""DGC"": {
      ""score"": null,
      ""label"": ""not observable""
    },
    ""AL"": {
      ""score"": 3,
      ""label"": ""strong emotional readiness""
    },
    ""MGO"": {
      ""score"": 2,
      ""label"": ""mixed learning motivation""
    },
    ""RIE"": {
      ""score"": 1,
      ""label"": ""weak instructional exposure""
    },
    ""ESD"": {
      ""score"": 0,
      ""label"": ""minimal environmental stability""
    }
  },
  ""achievement"": {
    ""probability"": 0.65
  }
}",,23.69,1
afylzjc,mrnbnbv,D16,2cba3dce059cb12516bab5cf4488981976bf492ee37b974bef69bdb802027e30,0.75,"{
  ""dimensions"": {
    ""EKS"": {
      ""score"": 2,
      ""label"": ""mixed entry knowledge""
    },
    ""PR"": {
      ""score"": 2,
      ""label"": ""mixed prerequisite readiness""
    },
    ""EPE"": {
      ""score"": 3,
      ""label"": ""strong prior exposure""
    },
    ""LTD"": {
      ""score"": 3,
      ""label"": ""strong topic manageability""
    },
    ""CAL"": {
      ""score"": 2,
      ""label"": ""mixed conceptual manageability""
    },
    ""PBL"": {
      ""score"": 2,
      ""label"": ""mixed procedural manageability""
    },
    ""LCB"": {
      ""score"": 3,
      ""label"": ""strong language accessibility""
    },
    ""ELC"": {
      ""score"": 2,
      ""label"": ""mixed expressive adequacy""
    },
    ""WMS"": {
      ""score"": 2,
      ""label"": ""mixed memory manageability""
    },
    ""NCB"": {
      ""score"": 2,
      ""label"": ""mixed notation manageability""
    },
    ""TFF"": {
      ""score"": 3,
      ""label"": ""strong format familiarity""
    },
    ""DGC"": {
      ""score"": null,
      ""label"": ""not observable""
    },
    ""AL"": {
      ""score"": 3,
      ""label"": ""strong emotional readiness""
    },
    ""MGO"": {
      ""score"": 3,
      ""label"": ""strong learning motivation""
    },
    ""RIE"": {
      ""score"": 4,
      ""label"": ""exceptional instructional exposure""
    },
    ""ESD"": {
      ""score"": 2,
      ""label"": ""mixed environmental stability""
    }
  },
  ""achievement"": {
    ""probability"": 0.75
  }
}",,22.0,1
emptmah,fownkzg,D16,2cba3dce059cb12516bab5cf4488981976bf492ee37b974bef69bdb802027e30,0.65,"{
  ""dimensions"": {
    ""EKS"": {""score"": 2, ""label"": ""mixed entry knowledge""},
    ""PR"": {""score"": 2, ""label"": ""mixed prerequisite readiness""},
    ""EPE"": {""score"": 3, ""label"": ""strong prior exposure""},
    ""LTD"": {""score"": 3, ""label"": ""strong topic manageability""},
    ""CAL"": {""score"": 2, ""label"": ""mixed conceptual manageability""},
    ""PBL"": {""score"": 2, ""label"": ""mixed procedural manageability""},
    ""LCB"": {""score"": 2, ""label"": ""mixed language accessibility""},
    ""ELC"": {""score"": 2, ""label"": ""mixed expressive adequacy""},
    ""WMS"": {""score"": 1, ""label"": ""weak memory manageability""},
    ""NCB"": {""score"": 2, ""label"": ""mixed notation manageability""},
    ""TFF"": {""score"": 3, ""label"": ""strong format familiarity""},
    ""DGC"": {""score"": null, ""label"": ""not observable""},
    ""AL"": {""score"": 3, ""label"": ""strong emotional readiness""},
    ""MGO"": {""score"": 3, ""label"": ""strong learning motivation""},
    ""RIE"": {""score"": 4, ""label"": ""exceptional instructional exposure""},
    ""ESD"": {""score"": 1, ""label"": ""weak environmental stability""}
  },
  ""achievement"": {
    ""probability"": 0.65
  }
}",,17.2,1
ffhopot,kapzcmc,D16,2cba3dce059cb12516bab5cf4488981976bf492ee37b974bef69bdb802027e30,0.55,"{
  ""dimensions"": {
    ""EKS"": {""score"": 2, ""label"": ""mixed entry knowledge""},
    ""PR"": {""score"": 2, ""label"": ""mixed prerequisite readiness""},
    ""EPE"": {""score"": 3, ""label"": ""strong prior exposure""},
    ""LTD"": {""score"": 2, ""label"": ""mixed topic manageability""},
    ""CAL"": {""score"": 1, ""label"": ""weak conceptual manageability""},
    ""PBL"": {""score"": 1, ""label"": ""weak procedural manageability""},
    ""LCB"": {""score"": 3, ""label"": ""strong language accessibility""},
    ""ELC"": {""score"": 2, ""label"": ""mixed expressive adequacy""},
    ""WMS"": {""score"": 1, ""label"": ""weak memory manageability""},
    ""NCB"": {""score"": 1, ""label"": ""weak notation manageability""},
    ""TFF"": {""score"": 3, ""label"": ""strong format familiarity""},
    ""DGC"": {""score"": null, ""label"": ""not observable""},
    ""AL"": {""score"": 2, ""label"": ""mixed emotional readiness""},
    ""MGO"": {""score"": 3, ""label"": ""strong learning motivation""},
    ""RIE"": {""score"": 4, ""label"": ""exceptional instructional exposure""},
    ""ESD"": {""score"": 1, ""label"": ""weak environmental stability""}
  },
  ""achievement"": {
    ""probability"": 0.55
  }
}",,17.56,1
djobcap,dbxeflv,D16,2cba3dce059cb12516bab5cf4488981976bf492ee37b974bef69bdb802027e30,0.75,"{
  ""dimensions"": {
    ""EKS"": {
      ""score"": 1,
      ""label"": ""weak entry knowledge""
    },
    ""PR"": {
      ""score"": 2,
      ""label"": ""mixed prerequisite readiness""
    },
    ""EPE"": {
      ""score"": 0,
      ""label"": ""minimal prior exposure""
    },
    ""LTD"": {
      ""score"": 3,
      ""label"": ""strong topic manageability""
    },
    ""CAL"": {
      ""score"": 2,
      ""label"": ""mixed conceptual manageability""
    },
    ""PBL"": {
      ""score"": 2,
      ""label"": ""mixed procedural manageability""
    },
    ""LCB"": {
      ""score"": 3,
      ""label"": ""strong language accessibility""
    },
    ""ELC"": {
      ""score"": 2,
      ""label"": ""mixed expressive adequacy""
    },
    ""WMS"": {
      ""score"": 2,
      ""label"": ""mixed memory manageability""
    },
    ""NCB"": {
      ""score"": 3,
      ""label"": ""strong notation manageability""
    },
    ""TFF"": {
      ""score"": 2,
      ""label"": ""mixed format familiarity""
    },
    ""DGC"": {
      ""score"": null,
      ""label"": ""not observable""
    },
    ""AL"": {
      ""score"": 3,
      ""label"": ""strong emotional readiness""
    },
    ""MGO"": {
      ""score"": 3,
      ""label"": ""strong learning motivation""
    },
    ""RIE"": {
      ""score"": 4,
      ""label"": ""exceptional instructional exposure""
    },
    ""ESD"": {
      ""score"": 2,
      ""label"": ""mixed environmental stability""
    }
  },
  ""achievement"": {
    ""probability"": 0.75
  }
}",,20.72,1
ivzucks,aezsuia,D16,2cba3dce059cb12516bab5cf4488981976bf492ee37b974bef69bdb802027e30,0.65,"{
  ""dimensions"": {
    ""EKS"": {
      ""score"": 2,
      ""label"": ""mixed entry knowledge""
    },
    ""PR"": {
      ""score"": 2,
      ""label"": ""mixed prerequisite readiness""
    },
    ""EPE"": {
      ""score"": 1,
      ""label"": ""weak prior exposure""
    },
    ""LTD"": {
      ""score"": 3,
      ""label"": ""strong topic manageability""
    },
    ""CAL"": {
      ""score"": 2,
      ""label"": ""mixed conceptual manageability""
    },
    ""PBL"": {
      ""score"": 2,
      ""label"": ""mixed procedural manageability""
    },
    ""LCB"": {
      ""score"": 3,
      ""label"": ""strong language accessibility""
    },
    ""ELC"": {
      ""score"": 2,
      ""label"": ""mixed expressive adequacy""
    },
    ""WMS"": {
      ""score"": 2,
      ""label"": ""mixed memory manageability""
    },
    ""NCB"": {
      ""score"": 2,
      ""label"": ""mixed notation manageability""
    },
    ""TFF"": {
      ""score"": 3,
      ""label"": ""strong format familiarity""
    },
    ""DGC"": {
      ""score"": null,
      ""label"": ""not observable""
    },
    ""AL"": {
      ""score"": 3,
      ""label"": ""strong emotional readiness""
    },
    ""MGO"": {
      ""score"": 2,
      ""label"": ""mixed learning motivation""
    },
    ""RIE"": {
      ""score"": 4,
      ""label"": ""exceptional instructional exposure""
    },
    ""ESD"": {
      ""score"": 1,
      ""label"": ""weak environmental stability""
    }
  },
  ""achievement"": {
    ""probability"": 0.65
  }
}",,20.05,1
btsgrvw,dajhwat,D16,2cba3dce059cb12516bab5cf4488981976bf492ee37b974bef69bdb802027e30,0.35,"{
  ""dimensions"": {
    ""EKS"": {
      ""score"": 2,
      ""label"": ""mixed entry knowledge""
    },
    ""PR"": {
      ""score"": 2,
      ""label"": ""mixed prerequisite readiness""
    },
    ""EPE"": {
      ""score"": 3,
      ""label"": ""strong prior exposure""
    },
    ""LTD"": {
      ""score"": 1,
      ""label"": ""weak topic manageability""
    },
    ""CAL"": {
      ""score"": 1,
      ""label"": ""weak conceptual manageability""
    },
    ""PBL"": {
      ""score"": 1,
      ""label"": ""weak procedural manageability""
    },
    ""LCB"": {
      ""score"": 2,
      ""label"": ""mixed language accessibility""
    },
    ""ELC"": {
      ""score"": 1,
      ""label"": ""weak expressive adequacy""
    },
    ""WMS"": {
      ""score"": 1,
      ""label"": ""weak memory manageability""
    },
    ""NCB"": {
      ""score"": 2,
      ""label"": ""mixed notation manageability""
    },
    ""TFF"": {
      ""score"": 3,
      ""label"": ""strong format familiarity""
    },
    ""DGC"": {
      ""score"": null,
      ""label"": ""not observable""
    },
    ""AL"": {
      ""score"": 2,
      ""label"": ""mixed emotional readiness""
    },
    ""MGO"": {
      ""score"": 3,
      ""label"": ""strong learning motivation""
    },
    ""RIE"": {
      ""score"": 4,
      ""label"": ""exceptional instructional exposure""
    },
    ""ESD"": {
      ""score"": 0,
      ""label"": ""minimal environmental stability""
    }
  },
  ""achievement"": {
    ""probability"": 0.35
  }
}",,23.18,1
gywxsvs,mpaavdj,D16,2cba3dce059cb12516bab5cf4488981976bf492ee37b974bef69bdb802027e30,0.65,"{
  ""dimensions"": {
    ""EKS"": {
      ""score"": 2,
      ""label"": ""mixed entry knowledge""
    },
    ""PR"": {
      ""score"": 2,
      ""label"": ""mixed prerequisite readiness""
    },
    ""EPE"": {
      ""score"": 1,
      ""label"": ""weak prior exposure""
    },
    ""LTD"": {
      ""score"": 3,
      ""label"": ""strong topic manageability""
    },
    ""CAL"": {
      ""score"": 2,
      ""label"": ""mixed conceptual manageability""
    },
    ""PBL"": {
      ""score"": 2,
      ""label"": ""mixed procedural manageability""
    },
    ""LCB"": {
      ""score"": 3,
      ""label"": ""strong language accessibility""
    },
    ""ELC"": {
      ""score"": 2,
      ""label"": ""mixed expressive adequacy""
    },
    ""WMS"": {
      ""score"": 1,
      ""label"": ""weak memory manageability""
    },
    ""NCB"": {
      ""score"": 3,
      ""label"": ""strong notation manageability""
    },
    ""TFF"": {
      ""score"": 2,
      ""label"": ""mixed format familiarity""
    },
    ""DGC"": {
      ""score"": null,
      ""label"": ""not observable""
    },
    ""AL"": {
      ""score"": 3,
      ""label"": ""strong emotional readiness""
    },
    ""MGO"": {
      ""score"": 3,
      ""label"": ""strong learning motivation""
    },
    ""RIE"": {
      ""score"": 4,
      ""label"": ""exceptional instructional exposure""
    },
    ""ESD"": {
      ""score"": 2,
      ""label"": ""mixed environmental stability""
    }
  },
  ""achievement"": {
    ""probability"": 0.65
  }
}",,21.28,1
lgpggqo,dpkjqyh,D16,2cba3dce059cb12516bab5cf4488981976bf492ee37b974bef69bdb802027e30,0.45,"{
  ""dimensions"": {
    ""EKS"": {
      ""score"": 2,
      ""label"": ""mixed entry knowledge""
    },
    ""PR"": {
      ""score"": 2,
      ""label"": ""mixed prerequisite readiness""
    },
    ""EPE"": {
      ""score"": 3,
      ""label"": ""strong prior exposure""
    },
    ""LTD"": {
      ""score"": 2,
      ""label"": ""mixed topic manageability""
    },
    ""CAL"": {
      ""score"": 1,
      ""label"": ""weak conceptual manageability""
    },
    ""PBL"": {
      ""score"": 1,
      ""label"": ""weak procedural manageability""
    },
    ""LCB"": {
      ""score"": 0,
      ""label"": ""minimal language accessibility""
    },
    ""ELC"": {
      ""score"": 1,
      ""label"": ""weak expressive adequacy""
    },
    ""WMS"": {
      ""score"": 1,
      ""label"": ""weak memory manageability""
    },
    ""NCB"": {
      ""score"": 1,
      ""label"": ""weak notation manageability""
    },
    ""TFF"": {
      ""score"": 2,
      ""label"": ""mixed format familiarity""
    },
    ""DGC"": {
      ""score"": null,
      ""label"": ""not observable""
    },
    ""AL"": {
      ""score"": 1,
      ""label"": ""weak emotional readiness""
    },
    ""MGO"": {
      ""score"": 2,
      ""label"": ""mixed learning motivation""
    },
    ""RIE"": {
      ""score"": 3,
      ""label"": ""strong instructional exposure""
    },
    ""ESD"": {
      ""score"": 0,
      ""label"": ""minimal environmental stability""
    }
  },
  ""achievement"": {
    ""probability"": 0.45
  }
}",,22.03,1
crmwiwp,gcbuvuo,D16,2cba3dce059cb12516bab5cf4488981976bf492ee37b974bef69bdb802027e30,0.55,"{
  ""dimensions"": {
    ""EKS"": {
      ""score"": 2,
      ""label"": ""mixed entry knowledge""
    },
    ""PR"": {
      ""score"": 2,
      ""label"": ""mixed prerequisite readiness""
    },
    ""EPE"": {
      ""score"": 3,
      ""label"": ""strong prior exposure""
    },
    ""LTD"": {
      ""score"": 2,
      ""label"": ""mixed topic manageability""
    },
    ""CAL"": {
      ""score"": 2,
      ""label"": ""mixed conceptual manageability""
    },
    ""PBL"": {
      ""score"": 1,
      ""label"": ""weak procedural manageability""
    },
    ""LCB"": {
      ""score"": 3,
      ""label"": ""strong language accessibility""
    },
    ""ELC"": {
      ""score"": 2,
      ""label"": ""mixed expressive adequacy""
    },
    ""WMS"": {
      ""score"": 1,
      ""label"": ""weak memory manageability""
    },
    ""NCB"": {
      ""score"": 2,
      ""label"": ""mixed notation manageability""
    },
    ""TFF"": {
      ""score"": 3,
      ""label"": ""strong format familiarity""
    },
    ""DGC"": {
      ""score"": null,
      ""label"": ""not observable""
    },
    ""AL"": {
      ""score"": 1,
      ""label"": ""weak emotional readiness""
    },
    ""MGO"": {
      ""score"": 1,
      ""label"": ""weak learning motivation""
    },
    ""RIE"": {
      ""score"": 3,
      ""label"": ""strong instructional exposure""
    },
    ""ESD"": {
      ""score"": 2,
      ""label"": ""mixed environmental stability""
    }
  },
  ""achievement"": {
    ""probability"": 0.55
  }
}",,22.01,1
cypchuv,kaqltfw,D16,2cba3dce059cb12516bab5cf4488981976bf492ee37b974bef69bdb802027e30,0.65,"{
  ""dimensions"": {
    ""EKS"": {""score"": 2, ""label"": ""mixed entry knowledge""},
    ""PR"": {""score"": 2, ""label"": ""mixed prerequisite readiness""},
    ""EPE"": {""score"": 3, ""label"": ""strong prior exposure""},
    ""LTD"": {""score"": 2, ""label"": ""mixed topic manageability""},
    ""CAL"": {""score"": 2, ""label"": ""mixed conceptual manageability""},
    ""PBL"": {""score"": 2, ""label"": ""mixed procedural manageability""},
    ""LCB"": {""score"": 3, ""label"": ""strong language accessibility""},
    ""ELC"": {""score"": 2, ""label"": ""mixed expressive adequacy""},
    ""WMS"": {""score"": 2, ""label"": ""mixed memory manageability""},
    ""NCB"": {""score"": 2, ""label"": ""mixed notation manageability""},
    ""TFF"": {""score"": 3, ""label"": ""strong format familiarity""},
    ""DGC"": {""score"": null, ""label"": ""not observable""},
    ""AL"": {""score"": 3, ""label"": ""strong emotional readiness""},
    ""MGO"": {""score"": 3, ""label"": ""strong learning motivation""},
    ""RIE"": {""score"": 4, ""label"": ""exceptional instructional exposure""},
    ""ESD"": {""score"": 2, ""label"": ""mixed environmental stability""}
  },
  ""achievement"": {
    ""probability"": 0.65
  }
}",,17.41,1
bvcfqxt,hvjqscv,D16,2cba3dce059cb12516bab5cf4488981976bf492ee37b974bef69bdb802027e30,0.35,"{
  ""dimensions"": {
    ""EKS"": {""score"": 2, ""label"": ""mixed entry knowledge""},
    ""PR"": {""score"": 2, ""label"": ""mixed prerequisite readiness""},
    ""EPE"": {""score"": 3, ""label"": ""strong prior exposure""},
    ""LTD"": {""score"": 1, ""label"": ""weak topic manageability""},
    ""CAL"": {""score"": 1, ""label"": ""weak conceptual manageability""},
    ""PBL"": {""score"": 1, ""label"": ""weak procedural manageability""},
    ""LCB"": {""score"": 2, ""label"": ""mixed language accessibility""},
    ""ELC"": {""score"": 2, ""label"": ""mixed expressive adequacy""},
    ""WMS"": {""score"": 1, ""label"": ""weak memory manageability""},
    ""NCB"": {""score"": 1, ""label"": ""weak notation manageability""},
    ""TFF"": {""score"": 2, ""label"": ""mixed format familiarity""},
    ""DGC"": {""score"": null, ""label"": ""not observable""},
    ""AL"": {""score"": 3, ""label"": ""strong emotional readiness""},
    ""MGO"": {""score"": 3, ""label"": ""strong learning motivation""},
    ""RIE"": {""score"": 2, ""label"": ""mixed instructional exposure""},
    ""ESD"": {""score"": 1, ""label"": ""weak environmental stability""}
  },
  ""achievement"": {
    ""probability"": 0.35
  }
}",,17.12,1
dyibtmn,fuhpcwb,D16,2cba3dce059cb12516bab5cf4488981976bf492ee37b974bef69bdb802027e30,0.75,"{
  ""dimensions"": {
    ""EKS"": {
      ""score"": 1,
      ""label"": ""weak entry knowledge""
    },
    ""PR"": {
      ""score"": 2,
      ""label"": ""mixed prerequisite readiness""
    },
    ""EPE"": {
      ""score"": 3,
      ""label"": ""strong prior exposure""
    },
    ""LTD"": {
      ""score"": 3,
      ""label"": ""strong topic manageability""
    },
    ""CAL"": {
      ""score"": 2,
      ""label"": ""mixed conceptual manageability""
    },
    ""PBL"": {
      ""score"": 3,
      ""label"": ""strong procedural manageability""
    },
    ""LCB"": {
      ""score"": 3,
      ""label"": ""strong language accessibility""
    },
    ""ELC"": {
      ""score"": 2,
      ""label"": ""mixed expressive adequacy""
    },
    ""WMS"": {
      ""score"": 2,
      ""label"": ""mixed memory manageability""
    },
    ""NCB"": {
      ""score"": 3,
      ""label"": ""strong notation manageability""
    },
    ""TFF"": {
      ""score"": 3,
      ""label"": ""strong format familiarity""
    },
    ""DGC"": {
      ""score"": null,
      ""label"": ""not observable""
    },
    ""AL"": {
      ""score"": 2,
      ""label"": ""mixed emotional readiness""
    },
    ""MGO"": {
      ""score"": 3,
      ""label"": ""strong learning motivation""
    },
    ""RIE"": {
      ""score"": 4,
      ""label"": ""exceptional instructional exposure""
    },
    ""ESD"": {
      ""score"": 2,
      ""label"": ""mixed environmental stability""
    }
  },
  ""achievement"": {
    ""probability"": 0.75
  }
}",,23.07,1
efzwljk,buluftd,D16,2cba3dce059cb12516bab5cf4488981976bf492ee37b974bef69bdb802027e30,0.65,"{
  ""dimensions"": {
    ""EKS"": {""score"": 2, ""label"": ""mixed entry knowledge""},
    ""PR"": {""score"": 2, ""label"": ""mixed prerequisite readiness""},
    ""EPE"": {""score"": 3, ""label"": ""strong prior exposure""},
    ""LTD"": {""score"": 2, ""label"": ""mixed topic manageability""},
    ""CAL"": {""score"": 2, ""label"": ""mixed conceptual manageability""},
    ""PBL"": {""score"": 2, ""label"": ""mixed procedural manageability""},
    ""LCB"": {""score"": 3, ""label"": ""strong language accessibility""},
    ""ELC"": {""score"": 2, ""label"": ""mixed expressive adequacy""},
    ""WMS"": {""score"": 1, ""label"": ""weak memory manageability""},
    ""NCB"": {""score"": 2, ""label"": ""mixed notation manageability""},
    ""TFF"": {""score"": 3, ""label"": ""strong format familiarity""},
    ""DGC"": {""score"": null, ""label"": ""not observable""},
    ""AL"": {""score"": 3, ""label"": ""strong emotional readiness""},
    ""MGO"": {""score"": 3, ""label"": ""strong learning motivation""},
    ""RIE"": {""score"": 4, ""label"": ""exceptional instructional exposure""},
    ""ESD"": {""score"": 1, ""label"": ""weak environmental stability""}
  },
  ""achievement"": {
    ""probability"": 0.65
  }
}",,16.2,1
amzefau,bjmbkbk,D16,2cba3dce059cb12516bab5cf4488981976bf492ee37b974bef69bdb802027e30,0.72,"{
  ""dimensions"": {
    ""EKS"": {""score"": 2, ""label"": ""mixed entry knowledge""},
    ""PR"": {""score"": 3, ""label"": ""strong prerequisite readiness""},
    ""EPE"": {""score"": 3, ""label"": ""strong prior exposure""},
    ""LTD"": {""score"": 3, ""label"": ""strong topic manageability""},
    ""CAL"": {""score"": 2, ""label"": ""mixed conceptual manageability""},
    ""PBL"": {""score"": 2, ""label"": ""mixed procedural manageability""},
    ""LCB"": {""score"": 1, ""label"": ""weak language accessibility""},
    ""ELC"": {""score"": 1, ""label"": ""weak expressive adequacy""},
    ""WMS"": {""score"": 2, ""label"": ""mixed memory manageability""},
    ""NCB"": {""score"": 3, ""label"": ""strong notation manageability""},
    ""TFF"": {""score"": 3, ""label"": ""strong format familiarity""},
    ""DGC"": {""score"": null, ""label"": ""not observable""},
    ""AL"": {""score"": 4, ""label"": ""exceptional emotional readiness""},
    ""MGO"": {""score"": 4, ""label"": ""exceptional learning motivation""},
    ""RIE"": {""score"": 3, ""label"": ""strong instructional exposure""},
    ""ESD"": {""score"": 1, ""label"": ""weak environmental stability""}
  },
  ""achievement"": {
    ""probability"": 0.72
  }
}",,19.24,1
ccqctgc,aasgyqv,D16,2cba3dce059cb12516bab5cf4488981976bf492ee37b974bef69bdb802027e30,0.55,"{
  ""dimensions"": {
    ""EKS"": {
      ""score"": 2,
      ""label"": ""mixed entry knowledge""
    },
    ""PR"": {
      ""score"": 3,
      ""label"": ""strong prerequisite readiness""
    },
    ""EPE"": {
      ""score"": 1,
      ""label"": ""weak prior exposure""
    },
    ""LTD"": {
      ""score"": 2,
      ""label"": ""mixed topic manageability""
    },
    ""CAL"": {
      ""score"": 2,
      ""label"": ""mixed conceptual manageability""
    },
    ""PBL"": {
      ""score"": 2,
      ""label"": ""mixed procedural manageability""
    },
    ""LCB"": {
      ""score"": 1,
      ""label"": ""weak language accessibility""
    },
    ""ELC"": {
      ""score"": 2,
      ""label"": ""mixed expressive adequacy""
    },
    ""WMS"": {
      ""score"": 1,
      ""label"": ""weak memory manageability""
    },
    ""NCB"": {
      ""score"": 3,
      ""label"": ""strong notation manageability""
    },
    ""TFF"": {
      ""score"": 2,
      ""label"": ""mixed format familiarity""
    },
    ""DGC"": {
      ""score"": null,
      ""label"": ""not observable""
    },
    ""AL"": {
      ""score"": 1,
      ""label"": ""weak emotional readiness""
    },
    ""MGO"": {
      ""score"": 2,
      ""label"": ""mixed learning motivation""
    },
    ""RIE"": {
      ""score"": 3,
      ""label"": ""strong instructional exposure""
    },
    ""ESD"": {
      ""score"": 0,
      ""label"": ""minimal environmental stability""
    }
  },
  ""achievement"": {
    ""probability"": 0.55
  }
}",,23.13,1
dfyqxzq,euttpje,D16,2cba3dce059cb12516bab5cf4488981976bf492ee37b974bef69bdb802027e30,0.65,"{
  ""dimensions"": {
    ""EKS"": {
      ""score"": 2,
      ""label"": ""mixed entry knowledge""
    },
    ""PR"": {
      ""score"": 3,
      ""label"": ""strong prerequisite readiness""
    },
    ""EPE"": {
      ""score"": 4,
      ""label"": ""exceptional prior exposure""
    },
    ""LTD"": {
      ""score"": 2,
      ""label"": ""mixed topic manageability""
    },
    ""CAL"": {
      ""score"": 2,
      ""label"": ""mixed conceptual manageability""
    },
    ""PBL"": {
      ""score"": 2,
      ""label"": ""mixed procedural manageability""
    },
    ""LCB"": {
      ""score"": 1,
      ""label"": ""weak language accessibility""
    },
    ""ELC"": {
      ""score"": 2,
      ""label"": ""mixed expressive adequacy""
    },
    ""WMS"": {
      ""score"": 2,
      ""label"": ""mixed memory manageability""
    },
    ""NCB"": {
      ""score"": 2,
      ""label"": ""mixed notation manageability""
    },
    ""TFF"": {
      ""score"": 3,
      ""label"": ""strong format familiarity""
    },
    ""DGC"": {
      ""score"": null,
      ""label"": ""not observable""
    },
    ""AL"": {
      ""score"": 3,
      ""label"": ""strong emotional readiness""
    },
    ""MGO"": {
      ""score"": 4,
      ""label"": ""exceptional learning motivation""
    },
    ""RIE"": {
      ""score"": 4,
      ""label"": ""exceptional instructional exposure""
    },
    ""ESD"": {
      ""score"": 1,
      ""label"": ""weak environmental stability""
    }
  },
  ""achievement"": {
    ""probability"": 0.65
  }
}",,22.03,1
gkefvhy,ikezgtf,D16,2cba3dce059cb12516bab5cf4488981976bf492ee37b974bef69bdb802027e30,0.55,"{
  ""dimensions"": {
    ""EKS"": {""score"": 2, ""label"": ""mixed entry knowledge""},
    ""PR"": {""score"": 2, ""label"": ""mixed prerequisite readiness""},
    ""EPE"": {""score"": 3, ""label"": ""strong prior exposure""},
    ""LTD"": {""score"": 3, ""label"": ""strong topic manageability""},
    ""CAL"": {""score"": 2, ""label"": ""mixed conceptual manageability""},
    ""PBL"": {""score"": 2, ""label"": ""mixed procedural manageability""},
    ""LCB"": {""score"": 1, ""label"": ""weak language accessibility""},
    ""ELC"": {""score"": 1, ""label"": ""weak expressive adequacy""},
    ""WMS"": {""score"": 2, ""label"": ""mixed memory manageability""},
    ""NCB"": {""score"": 2, ""label"": ""mixed notation manageability""},
    ""TFF"": {""score"": 3, ""label"": ""strong format familiarity""},
    ""DGC"": {""score"": null, ""label"": ""not observable""},
    ""AL"": {""score"": 1, ""label"": ""weak emotional readiness""},
    ""MGO"": {""score"": 2, ""label"": ""mixed learning motivation""},
    ""RIE"": {""score"": 3, ""label"": ""strong instructional exposure""},
    ""ESD"": {""score"": 0, ""label"": ""minimal environmental stability""}
  },
  ""achievement"": {
    ""probability"": 0.55
  }
}",,17.59,1
kvmznke,mljalxj,D16,2cba3dce059cb12516bab5cf4488981976bf492ee37b974bef69bdb802027e30,0.45,"{
  ""dimensions"": {
    ""EKS"": {
      ""score"": 2,
      ""label"": ""mixed entry knowledge""
    },
    ""PR"": {
      ""score"": 2,
      ""label"": ""mixed prerequisite readiness""
    },
    ""EPE"": {
      ""score"": 3,
      ""label"": ""strong prior exposure""
    },
    ""LTD"": {
      ""score"": 1,
      ""label"": ""weak topic manageability""
    },
    ""CAL"": {
      ""score"": 1,
      ""label"": ""weak conceptual manageability""
    },
    ""PBL"": {
      ""score"": 1,
      ""label"": ""weak procedural manageability""
    },
    ""LCB"": {
      ""score"": 3,
      ""label"": ""strong language accessibility""
    },
    ""ELC"": {
      ""score"": 2,
      ""label"": ""mixed expressive adequacy""
    },
    ""WMS"": {
      ""score"": 1,
      ""label"": ""weak memory manageability""
    },
    ""NCB"": {
      ""score"": 1,
      ""label"": ""weak notation manageability""
    },
    ""TFF"": {
      ""score"": 2,
      ""label"": ""mixed format familiarity""
    },
    ""DGC"": {
      ""score"": null,
      ""label"": ""not observable""
    },
    ""AL"": {
      ""score"": 1,
      ""label"": ""weak emotional readiness""
    },
    ""MGO"": {
      ""score"": 2,
      ""label"": ""mixed learning motivation""
    },
    ""RIE"": {
      ""score"": 3,
      ""label"": ""strong instructional exposure""
    },
    ""ESD"": {
      ""score"": 1,
      ""label"": ""weak environmental stability""
    }
  },
  ""achievement"": {
    ""probability"": 0.45
  }
}",,24.03,1
mlvevgx,jgqsveu,D16,2cba3dce059cb12516bab5cf4488981976bf492ee37b974bef69bdb802027e30,0.55,"{
  ""dimensions"": {
    ""EKS"": {""score"": 2, ""label"": ""mixed entry knowledge""},
    ""PR"": {""score"": 2, ""label"": ""mixed prerequisite readiness""},
    ""EPE"": {""score"": 3, ""label"": ""strong prior exposure""},
    ""LTD"": {""score"": 2, ""label"": ""mixed topic manageability""},
    ""CAL"": {""score"": 2, ""label"": ""mixed conceptual manageability""},
    ""PBL"": {""score"": 1, ""label"": ""weak procedural manageability""},
    ""LCB"": {""score"": 3, ""label"": ""strong language accessibility""},
    ""ELC"": {""score"": 2, ""label"": ""mixed expressive adequacy""},
    ""WMS"": {""score"": 1, ""label"": ""weak memory manageability""},
    ""NCB"": {""score"": 1, ""label"": ""weak notation manageability""},
    ""TFF"": {""score"": 3, ""label"": ""strong format familiarity""},
    ""DGC"": {""score"": null, ""label"": ""not observable""},
    ""AL"": {""score"": 3, ""label"": ""strong emotional readiness""},
    ""MGO"": {""score"": 3, ""label"": ""strong learning motivation""},
    ""RIE"": {""score"": 4, ""label"": ""exceptional instructional exposure""},
    ""ESD"": {""score"": 2, ""label"": ""mixed environmental stability""}
  },
  ""achievement"": {
    ""probability"": 0.55
  }
}",,17.57,1
dompvyd,hvtmrcb,D16,2cba3dce059cb12516bab5cf4488981976bf492ee37b974bef69bdb802027e30,0.65,"{
  ""dimensions"": {
    ""EKS"": {
      ""score"": 2,
      ""label"": ""mixed entry knowledge""
    },
    ""PR"": {
      ""score"": 2,
      ""label"": ""mixed prerequisite readiness""
    },
    ""EPE"": {
      ""score"": 1,
      ""label"": ""weak prior exposure""
    },
    ""LTD"": {
      ""score"": 3,
      ""label"": ""strong topic manageability""
    },
    ""CAL"": {
      ""score"": 2,
      ""label"": ""mixed conceptual manageability""
    },
    ""PBL"": {
      ""score"": 2,
      ""label"": ""mixed procedural manageability""
    },
    ""LCB"": {
      ""score"": 3,
      ""label"": ""strong language accessibility""
    },
    ""ELC"": {
      ""score"": 2,
      ""label"": ""mixed expressive adequacy""
    },
    ""WMS"": {
      ""score"": 2,
      ""label"": ""mixed memory manageability""
    },
    ""NCB"": {
      ""score"": 2,
      ""label"": ""mixed notation manageability""
    },
    ""TFF"": {
      ""score"": 3,
      ""label"": ""strong format familiarity""
    },
    ""DGC"": {
      ""score"": null,
      ""label"": ""not observable""
    },
    ""AL"": {
      ""score"": 3,
      ""label"": ""strong emotional readiness""
    },
    ""MGO"": {
      ""score"": 4,
      ""label"": ""exceptional learning motivation""
    },
    ""RIE"": {
      ""score"": 3,
      ""label"": ""strong instructional exposure""
    },
    ""ESD"": {
      ""score"": 2,
      ""label"": ""mixed environmental stability""
    }
  },
  ""achievement"": {
    ""probability"": 0.65
  }
}",,23.39,1
krwqgst,fakxffb,D16,2cba3dce059cb12516bab5cf4488981976bf492ee37b974bef69bdb802027e30,0.65,"{
  ""dimensions"": {
    ""EKS"": {""score"": 1, ""label"": ""weak entry knowledge""},
    ""PR"": {""score"": 2, ""label"": ""mixed prerequisite readiness""},
    ""EPE"": {""score"": 3, ""label"": ""strong prior exposure""},
    ""LTD"": {""score"": 2, ""label"": ""mixed topic manageability""},
    ""CAL"": {""score"": 2, ""label"": ""mixed conceptual manageability""},
    ""PBL"": {""score"": 1, ""label"": ""weak procedural manageability""},
    ""LCB"": {""score"": 3, ""label"": ""strong language accessibility""},
    ""ELC"": {""score"": 2, ""label"": ""mixed expressive adequacy""},
    ""WMS"": {""score"": 1, ""label"": ""weak memory manageability""},
    ""NCB"": {""score"": 2, ""label"": ""mixed notation manageability""},
    ""TFF"": {""score"": 2, ""label"": ""mixed format familiarity""},
    ""DGC"": {""score"": null, ""label"": ""not observable""},
    ""AL"": {""score"": 3, ""label"": ""strong emotional readiness""},
    ""MGO"": {""score"": 3, ""label"": ""strong learning motivation""},
    ""RIE"": {""score"": 4, ""label"": ""exceptional instructional exposure""},
    ""ESD"": {""score"": 2, ""label"": ""mixed environmental stability""}
  },
  ""achievement"": {
    ""probability"": 0.65
  }
}",,14.07,1
bvcgjmn,hecgnna,D16,2cba3dce059cb12516bab5cf4488981976bf492ee37b974bef69bdb802027e30,0.65,"{
  ""dimensions"": {
    ""EKS"": {""score"": 2, ""label"": ""mixed entry knowledge""},
    ""PR"": {""score"": 3, ""label"": ""strong prerequisite readiness""},
    ""EPE"": {""score"": 1, ""label"": ""weak prior exposure""},
    ""LTD"": {""score"": 2, ""label"": ""mixed topic manageability""},
    ""CAL"": {""score"": 2, ""label"": ""mixed conceptual manageability""},
    ""PBL"": {""score"": 2, ""label"": ""mixed procedural manageability""},
    ""LCB"": {""score"": 3, ""label"": ""strong language accessibility""},
    ""ELC"": {""score"": 3, ""label"": ""strong expressive adequacy""},
    ""WMS"": {""score"": 2, ""label"": ""mixed memory manageability""},
    ""NCB"": {""score"": 2, ""label"": ""mixed notation manageability""},
    ""TFF"": {""score"": 3, ""label"": ""strong format familiarity""},
    ""DGC"": {""score"": null, ""label"": ""not observable""},
    ""AL"": {""score"": 3, ""label"": ""strong emotional readiness""},
    ""MGO"": {""score"": 3, ""label"": ""strong learning motivation""},
    ""RIE"": {""score"": 4, ""label"": ""exceptional instructional exposure""},
    ""ESD"": {""score"": 2, ""label"": ""mixed environmental stability""}
  },
  ""achievement"": {
    ""probability"": 0.65
  }
}",,17.05,1
aepfvaj,eqoknie,D16,2cba3dce059cb12516bab5cf4488981976bf492ee37b974bef69bdb802027e30,0.45,"{
  ""dimensions"": {
    ""EKS"": {""score"": 1, ""label"": ""weak entry knowledge""},
    ""PR"": {""score"": 1, ""label"": ""weak prerequisite readiness""},
    ""EPE"": {""score"": 2, ""label"": ""mixed prior exposure""},
    ""LTD"": {""score"": 2, ""label"": ""mixed topic manageability""},
    ""CAL"": {""score"": 2, ""label"": ""mixed conceptual manageability""},
    ""PBL"": {""score"": 1, ""label"": ""weak procedural manageability""},
    ""LCB"": {""score"": 3, ""label"": ""strong language accessibility""},
    ""ELC"": {""score"": 2, ""label"": ""mixed expressive adequacy""},
    ""WMS"": {""score"": 1, ""label"": ""weak memory manageability""},
    ""NCB"": {""score"": 1, ""label"": ""weak notation manageability""},
    ""TFF"": {""score"": 3, ""label"": ""strong format familiarity""},
    ""DGC"": {""score"": null, ""label"": ""not observable""},
    ""AL"": {""score"": 3, ""label"": ""strong emotional readiness""},
    ""MGO"": {""score"": 3, ""label"": ""strong learning motivation""},
    ""RIE"": {""score"": 3, ""label"": ""strong instructional exposure""},
    ""ESD"": {""score"": 2, ""label"": ""mixed environmental stability""}
  },
  ""achievement"": {
    ""probability"": 0.45
  }
}",,17.14,1
mgtntwl,mjsnlfi,D16,2cba3dce059cb12516bab5cf4488981976bf492ee37b974bef69bdb802027e30,0.75,"{
  ""dimensions"": {
    ""EKS"": {""score"": 1, ""label"": ""weak entry knowledge""},
    ""PR"": {""score"": 2, ""label"": ""mixed prerequisite readiness""},
    ""EPE"": {""score"": 1, ""label"": ""weak prior exposure""},
    ""LTD"": {""score"": 3, ""label"": ""strong topic manageability""},
    ""CAL"": {""score"": 2, ""label"": ""mixed conceptual manageability""},
    ""PBL"": {""score"": 2, ""label"": ""mixed procedural manageability""},
    ""LCB"": {""score"": 2, ""label"": ""mixed language accessibility""},
    ""ELC"": {""score"": 2, ""label"": ""mixed expressive adequacy""},
    ""WMS"": {""score"": 2, ""label"": ""mixed memory manageability""},
    ""NCB"": {""score"": 1, ""label"": ""weak notation manageability""},
    ""TFF"": {""score"": 3, ""label"": ""strong format familiarity""},
    ""DGC"": {""score"": null, ""label"": ""not observable""},
    ""AL"": {""score"": 3, ""label"": ""strong emotional readiness""},
    ""MGO"": {""score"": 3, ""label"": ""strong learning motivation""},
    ""RIE"": {""score"": 4, ""label"": ""exceptional instructional exposure""},
    ""ESD"": {""score"": 2, ""label"": ""mixed environmental stability""}
  },
  ""achievement"": {
    ""probability"": 0.75
  }
}",,18.2,1
feobuof,ghvcxqk,D16,2cba3dce059cb12516bab5cf4488981976bf492ee37b974bef69bdb802027e30,0.65,"{
  ""dimensions"": {
    ""EKS"": {
      ""score"": 2,
      ""label"": ""mixed entry knowledge""
    },
    ""PR"": {
      ""score"": 2,
      ""label"": ""mixed prerequisite readiness""
    },
    ""EPE"": {
      ""score"": 3,
      ""label"": ""strong prior exposure""
    },
    ""LTD"": {
      ""score"": 2,
      ""label"": ""mixed topic manageability""
    },
    ""CAL"": {
      ""score"": 1,
      ""label"": ""weak conceptual manageability""
    },
    ""PBL"": {
      ""score"": 2,
      ""label"": ""mixed procedural manageability""
    },
    ""LCB"": {
      ""score"": 3,
      ""label"": ""strong language accessibility""
    },
    ""ELC"": {
      ""score"": 2,
      ""label"": ""mixed expressive adequacy""
    },
    ""WMS"": {
      ""score"": 1,
      ""label"": ""weak memory manageability""
    },
    ""NCB"": {
      ""score"": 1,
      ""label"": ""weak notation manageability""
    },
    ""TFF"": {
      ""score"": 3,
      ""label"": ""strong format familiarity""
    },
    ""DGC"": {
      ""score"": null,
      ""label"": ""not observable""
    },
    ""AL"": {
      ""score"": 3,
      ""label"": ""strong emotional readiness""
    },
    ""MGO"": {
      ""score"": 3,
      ""label"": ""strong learning motivation""
    },
    ""RIE"": {
      ""score"": 3,
      ""label"": ""strong instructional exposure""
    },
    ""ESD"": {
      ""score"": 2,
      ""label"": ""mixed environmental stability""
    }
  },
  ""achievement"": {
    ""probability"": 0.65
  }
}",,21.08,1
makjkku,izxtnqe,D16,2cba3dce059cb12516bab5cf4488981976bf492ee37b974bef69bdb802027e30,0.55,"{
  ""dimensions"": {
    ""EKS"": {
      ""score"": 2,
      ""label"": ""mixed entry knowledge""
    },
    ""PR"": {
      ""score"": 2,
      ""label"": ""mixed prerequisite readiness""
    },
    ""EPE"": {
      ""score"": 3,
      ""label"": ""strong prior exposure""
    },
    ""LTD"": {
      ""score"": 2,
      ""label"": ""mixed topic manageability""
    },
    ""CAL"": {
      ""score"": 1,
      ""label"": ""weak conceptual manageability""
    },
    ""PBL"": {
      ""score"": 1,
      ""label"": ""weak procedural manageability""
    },
    ""LCB"": {
      ""score"": 2,
      ""label"": ""mixed language accessibility""
    },
    ""ELC"": {
      ""score"": 1,
      ""label"": ""weak expressive adequacy""
    },
    ""WMS"": {
      ""score"": 1,
      ""label"": ""weak memory manageability""
    },
    ""NCB"": {
      ""score"": 2,
      ""label"": ""mixed notation manageability""
    },
    ""TFF"": {
      ""score"": 3,
      ""label"": ""strong format familiarity""
    },
    ""DGC"": {
      ""score"": null,
      ""label"": ""not observable""
    },
    ""AL"": {
      ""score"": 2,
      ""label"": ""mixed emotional readiness""
    },
    ""MGO"": {
      ""score"": 3,
      ""label"": ""strong learning motivation""
    },
    ""RIE"": {
      ""score"": 4,
      ""label"": ""exceptional instructional exposure""
    },
    ""ESD"": {
      ""score"": 1,
      ""label"": ""weak environmental stability""
    }
  },
  ""achievement"": {
    ""probability"": 0.55
  }
}",,22.55,1
dwqgkhy,druvekb,D16,2cba3dce059cb12516bab5cf4488981976bf492ee37b974bef69bdb802027e30,0.65,"{
  ""dimensions"": {
    ""EKS"": {""score"": 2, ""label"": ""mixed entry knowledge""},
    ""PR"": {""score"": 2, ""label"": ""mixed prerequisite readiness""},
    ""EPE"": {""score"": 3, ""label"": ""strong prior exposure""},
    ""LTD"": {""score"": 3, ""label"": ""strong topic manageability""},
    ""CAL"": {""score"": 2, ""label"": ""mixed conceptual manageability""},
    ""PBL"": {""score"": 2, ""label"": ""mixed procedural manageability""},
    ""LCB"": {""score"": 3, ""label"": ""strong language accessibility""},
    ""ELC"": {""score"": 2, ""label"": ""mixed expressive adequacy""},
    ""WMS"": {""score"": 1, ""label"": ""weak memory manageability""},
    ""NCB"": {""score"": 2, ""label"": ""mixed notation manageability""},
    ""TFF"": {""score"": 3, ""label"": ""strong format familiarity""},
    ""DGC"": {""score"": null, ""label"": ""not observable""},
    ""AL"": {""score"": 3, ""label"": ""strong emotional readiness""},
    ""MGO"": {""score"": 2, ""label"": ""mixed learning motivation""},
    ""RIE"": {""score"": 4, ""label"": ""exceptional instructional exposure""},
    ""ESD"": {""score"": 1, ""label"": ""weak environmental stability""}
  },
  ""achievement"": {
    ""probability"": 0.65
  }
}",,20.05,1
iwykwvx,hnyealg,D16,2cba3dce059cb12516bab5cf4488981976bf492ee37b974bef69bdb802027e30,0.65,"{
  ""dimensions"": {
    ""EKS"": {
      ""score"": 2,
      ""label"": ""mixed entry knowledge""
    },
    ""PR"": {
      ""score"": 3,
      ""label"": ""strong prerequisite readiness""
    },
    ""EPE"": {
      ""score"": 3,
      ""label"": ""strong prior exposure""
    },
    ""LTD"": {
      ""score"": 2,
      ""label"": ""mixed topic manageability""
    },
    ""CAL"": {
      ""score"": 2,
      ""label"": ""mixed conceptual manageability""
    },
    ""PBL"": {
      ""score"": 2,
      ""label"": ""mixed procedural manageability""
    },
    ""LCB"": {
      ""score"": 1,
      ""label"": ""weak language accessibility""
    },
    ""ELC"": {
      ""score"": 2,
      ""label"": ""mixed expressive adequacy""
    },
    ""WMS"": {
      ""score"": 2,
      ""label"": ""mixed memory manageability""
    },
    ""NCB"": {
      ""score"": 2,
      ""label"": ""mixed notation manageability""
    },
    ""TFF"": {
      ""score"": 3,
      ""label"": ""strong format familiarity""
    },
    ""DGC"": {
      ""score"": null,
      ""label"": ""not observable""
    },
    ""AL"": {
      ""score"": 2,
      ""label"": ""mixed emotional readiness""
    },
    ""MGO"": {
      ""score"": 3,
      ""label"": ""strong learning motivation""
    },
    ""RIE"": {
      ""score"": 3,
      ""label"": ""strong instructional exposure""
    },
    ""ESD"": {
      ""score"": 0,
      ""label"": ""minimal environmental stability""
    }
  },
  ""achievement"": {
    ""probability"": 0.65
  }
}",,19.95,1
fzoxnca,boayflb,D16,2cba3dce059cb12516bab5cf4488981976bf492ee37b974bef69bdb802027e30,0.75,"{
  ""dimensions"": {
    ""EKS"": {
      ""score"": 2,
      ""label"": ""mixed entry knowledge""
    },
    ""PR"": {
      ""score"": 3,
      ""label"": ""strong prerequisite readiness""
    },
    ""EPE"": {
      ""score"": 4,
      ""label"": ""exceptional prior exposure""
    },
    ""LTD"": {
      ""score"": 3,
      ""label"": ""strong topic manageability""
    },
    ""CAL"": {
      ""score"": 2,
      ""label"": ""mixed conceptual manageability""
    },
    ""PBL"": {
      ""score"": 2,
      ""label"": ""mixed procedural manageability""
    },
    ""LCB"": {
      ""score"": 3,
      ""label"": ""strong language accessibility""
    },
    ""ELC"": {
      ""score"": 2,
      ""label"": ""mixed expressive adequacy""
    },
    ""WMS"": {
      ""score"": 2,
      ""label"": ""mixed memory manageability""
    },
    ""NCB"": {
      ""score"": 2,
      ""label"": ""mixed notation manageability""
    },
    ""TFF"": {
      ""score"": 3,
      ""label"": ""strong format familiarity""
    },
    ""DGC"": {
      ""score"": null,
      ""label"": ""not observable""
    },
    ""AL"": {
      ""score"": 4,
      ""label"": ""exceptional emotional readiness""
    },
    ""MGO"": {
      ""score"": 4,
      ""label"": ""exceptional learning motivation""
    },
    ""RIE"": {
      ""score"": 4,
      ""label"": ""exceptional instructional exposure""
    },
    ""ESD"": {
      ""score"": 2,
      ""label"": ""mixed environmental stability""
    }
  },
  ""achievement"": {
    ""probability"": 0.75
  }
}",,23.51,1
eodewmn,fdrxfif,D16,2cba3dce059cb12516bab5cf4488981976bf492ee37b974bef69bdb802027e30,0.15,"{
  ""dimensions"": {
    ""EKS"": {""score"": 1, ""label"": ""weak entry knowledge""},
    ""PR"": {""score"": 1, ""label"": ""weak prerequisite readiness""},
    ""EPE"": {""score"": 2, ""label"": ""mixed prior exposure""},
    ""LTD"": {""score"": 0, ""label"": ""minimal topic manageability""},
    ""CAL"": {""score"": 1, ""label"": ""weak conceptual manageability""},
    ""PBL"": {""score"": 1, ""label"": ""weak procedural manageability""},
    ""LCB"": {""score"": 2, ""label"": ""mixed language accessibility""},
    ""ELC"": {""score"": 1, ""label"": ""weak expressive adequacy""},
    ""WMS"": {""score"": 0, ""label"": ""minimal memory manageability""},
    ""NCB"": {""score"": 1, ""label"": ""weak notation manageability""},
    ""TFF"": {""score"": 2, ""label"": ""mixed format familiarity""},
    ""DGC"": {""score"": null, ""label"": ""not observable""},
    ""AL"": {""score"": 2, ""label"": ""mixed emotional readiness""},
    ""MGO"": {""score"": 2, ""label"": ""mixed learning motivation""},
    ""RIE"": {""score"": 3, ""label"": ""strong instructional exposure""},
    ""ESD"": {""score"": 0, ""label"": ""minimal environmental stability""}
  },
  ""achievement"": {
    ""probability"": 0.15
  }
}",,18.35,1
dxwweug,mnbcozv,D16,2cba3dce059cb12516bab5cf4488981976bf492ee37b974bef69bdb802027e30,0.55,"{
  ""dimensions"": {
    ""EKS"": {
      ""score"": 2,
      ""label"": ""mixed entry knowledge""
    },
    ""PR"": {
      ""score"": 2,
      ""label"": ""mixed prerequisite readiness""
    },
    ""EPE"": {
      ""score"": 3,
      ""label"": ""strong prior exposure""
    },
    ""LTD"": {
      ""score"": 2,
      ""label"": ""mixed topic manageability""
    },
    ""CAL"": {
      ""score"": 2,
      ""label"": ""mixed conceptual manageability""
    },
    ""PBL"": {
      ""score"": 2,
      ""label"": ""mixed procedural manageability""
    },
    ""LCB"": {
      ""score"": 1,
      ""label"": ""weak language accessibility""
    },
    ""ELC"": {
      ""score"": 1,
      ""label"": ""weak expressive adequacy""
    },
    ""WMS"": {
      ""score"": 1,
      ""label"": ""weak memory manageability""
    },
    ""NCB"": {
      ""score"": 2,
      ""label"": ""mixed notation manageability""
    },
    ""TFF"": {
      ""score"": 3,
      ""label"": ""strong format familiarity""
    },
    ""DGC"": {
      ""score"": null,
      ""label"": ""not observable""
    },
    ""AL"": {
      ""score"": 1,
      ""label"": ""weak emotional readiness""
    },
    ""MGO"": {
      ""score"": 2,
      ""label"": ""mixed learning motivation""
    },
    ""RIE"": {
      ""score"": 3,
      ""label"": ""strong instructional exposure""
    },
    ""ESD"": {
      ""score"": 1,
      ""label"": ""weak environmental stability""
    }
  },
  ""achievement"": {
    ""probability"": 0.55
  }
}",,22.48,1
gzblekb,ccnesdy,D16,2cba3dce059cb12516bab5cf4488981976bf492ee37b974bef69bdb802027e30,0.55,"{
  ""dimensions"": {
    ""EKS"": {
      ""score"": 2,
      ""label"": ""mixed entry knowledge""
    },
    ""PR"": {
      ""score"": 2,
      ""label"": ""mixed prerequisite readiness""
    },
    ""EPE"": {
      ""score"": 3,
      ""label"": ""strong prior exposure""
    },
    ""LTD"": {
      ""score"": 2,
      ""label"": ""mixed topic manageability""
    },
    ""CAL"": {
      ""score"": 2,
      ""label"": ""mixed conceptual manageability""
    },
    ""PBL"": {
      ""score"": 1,
      ""label"": ""weak procedural manageability""
    },
    ""LCB"": {
      ""score"": 3,
      ""label"": ""strong language accessibility""
    },
    ""ELC"": {
      ""score"": 2,
      ""label"": ""mixed expressive adequacy""
    },
    ""WMS"": {
      ""score"": 1,
      ""label"": ""weak memory manageability""
    },
    ""NCB"": {
      ""score"": 2,
      ""label"": ""mixed notation manageability""
    },
    ""TFF"": {
      ""score"": 3,
      ""label"": ""strong format familiarity""
    },
    ""DGC"": {
      ""score"": null,
      ""label"": ""not observable""
    },
    ""AL"": {
      ""score"": 2,
      ""label"": ""mixed emotional readiness""
    },
    ""MGO"": {
      ""score"": 3,
      ""label"": ""strong learning motivation""
    },
    ""RIE"": {
      ""score"": 4,
      ""label"": ""exceptional instructional exposure""
    },
    ""ESD"": {
      ""score"": 1,
      ""label"": ""weak environmental stability""
    }
  },
  ""achievement"": {
    ""probability"": 0.55
  }
}",,21.56,1
iehkgsd,nloaqpp,D16,2cba3dce059cb12516bab5cf4488981976bf492ee37b974bef69bdb802027e30,0.55,"{
  ""dimensions"": {
    ""EKS"": {""score"": 1, ""label"": ""weak entry knowledge""},
    ""PR"": {""score"": 2, ""label"": ""mixed prerequisite readiness""},
    ""EPE"": {""score"": 3, ""label"": ""strong prior exposure""},
    ""LTD"": {""score"": 2, ""label"": ""mixed topic manageability""},
    ""CAL"": {""score"": 1, ""label"": ""weak conceptual manageability""},
    ""PBL"": {""score"": 1, ""label"": ""weak procedural manageability""},
    ""LCB"": {""score"": 3, ""label"": ""strong language accessibility""},
    ""ELC"": {""score"": 2, ""label"": ""mixed expressive adequacy""},
    ""WMS"": {""score"": 1, ""label"": ""weak memory manageability""},
    ""NCB"": {""score"": 1, ""label"": ""weak notation manageability""},
    ""TFF"": {""score"": 3, ""label"": ""strong format familiarity""},
    ""DGC"": {""score"": null, ""label"": ""not observable""},
    ""AL"": {""score"": 2, ""label"": ""mixed emotional readiness""},
    ""MGO"": {""score"": 3, ""label"": ""strong learning motivation""},
    ""RIE"": {""score"": 4, ""label"": ""exceptional instructional exposure""},
    ""ESD"": {""score"": 3, ""label"": ""strong environmental stability""}
  },
  ""achievement"": {
    ""probability"": 0.55
  }
}",,19.55,1
hdfenmh,enzxozt,D16,2cba3dce059cb12516bab5cf4488981976bf492ee37b974bef69bdb802027e30,0.55,"{
  ""dimensions"": {
    ""EKS"": {
      ""score"": 2,
      ""label"": ""mixed entry knowledge""
    },
    ""PR"": {
      ""score"": 2,
      ""label"": ""mixed prerequisite readiness""
    },
    ""EPE"": {
      ""score"": 3,
      ""label"": ""strong prior exposure""
    },
    ""LTD"": {
      ""score"": 2,
      ""label"": ""mixed topic manageability""
    },
    ""CAL"": {
      ""score"": 1,
      ""label"": ""weak conceptual manageability""
    },
    ""PBL"": {
      ""score"": 1,
      ""label"": ""weak procedural manageability""
    },
    ""LCB"": {
      ""score"": 2,
      ""label"": ""mixed language accessibility""
    },
    ""ELC"": {
      ""score"": 1,
      ""label"": ""weak expressive adequacy""
    },
    ""WMS"": {
      ""score"": 1,
      ""label"": ""weak memory manageability""
    },
    ""NCB"": {
      ""score"": 1,
      ""label"": ""weak notation manageability""
    },
    ""TFF"": {
      ""score"": 2,
      ""label"": ""mixed format familiarity""
    },
    ""DGC"": {
      ""score"": null,
      ""label"": ""not observable""
    },
    ""AL"": {
      ""score"": 3,
      ""label"": ""strong emotional readiness""
    },
    ""MGO"": {
      ""score"": 2,
      ""label"": ""mixed learning motivation""
    },
    ""RIE"": {
      ""score"": 4,
      ""label"": ""exceptional instructional exposure""
    },
    ""ESD"": {
      ""score"": 1,
      ""label"": ""weak environmental stability""
    }
  },
  ""achievement"": {
    ""probability"": 0.55
  }
}",,24.06,1
gkkbntc,jkxshag,D16,2cba3dce059cb12516bab5cf4488981976bf492ee37b974bef69bdb802027e30,0.45,"{
  ""dimensions"": {
    ""EKS"": {""score"": 2, ""label"": ""mixed entry knowledge""},
    ""PR"": {""score"": 2, ""label"": ""mixed prerequisite readiness""},
    ""EPE"": {""score"": 3, ""label"": ""strong prior exposure""},
    ""LTD"": {""score"": 1, ""label"": ""weak topic manageability""},
    ""CAL"": {""score"": 1, ""label"": ""weak conceptual manageability""},
    ""PBL"": {""score"": 1, ""label"": ""weak procedural manageability""},
    ""LCB"": {""score"": 2, ""label"": ""mixed language accessibility""},
    ""ELC"": {""score"": 2, ""label"": ""mixed expressive adequacy""},
    ""WMS"": {""score"": 1, ""label"": ""weak memory manageability""},
    ""NCB"": {""score"": 1, ""label"": ""weak notation manageability""},
    ""TFF"": {""score"": 2, ""label"": ""mixed format familiarity""},
    ""DGC"": {""score"": null, ""label"": ""not observable""},
    ""AL"": {""score"": 2, ""label"": ""mixed emotional readiness""},
    ""MGO"": {""score"": 2, ""label"": ""mixed learning motivation""},
    ""RIE"": {""score"": 3, ""label"": ""strong instructional exposure""},
    ""ESD"": {""score"": 1, ""label"": ""weak environmental stability""}
  },
  ""achievement"": {
    ""probability"": 0.45
  }
}",,17.79,1
ndtoupf,cvezjol,D16,2cba3dce059cb12516bab5cf4488981976bf492ee37b974bef69bdb802027e30,,"{
  ""dimensions"": {
    ""EKS"": {
      ""score"": null,
      ""label"": ""not observable""
    },
    ""PR"": {
      ""score"": null,
      ""label"": ""not observable""
    },
    ""EPE"": {
      ""score"": null,
      ""label"": ""not observable""
    },
    ""LTD"": {
      ""score"": null,
      ""label"": ""not observable""
    },
    ""CAL"": {
      ""score"": null,
      ""label"": ""not observable""
    },
    ""PBL"": {
      ""score"": null,
      ""label"": ""not observable""
    },
    ""LCB"": {
      ""score"": 1,
      ""label"": ""weak language accessibility""
    },
    ""ELC"": {
      ""score"": 0,
      ""label"": ""minimal expressive adequacy""
    },
    ""WMS"": {
      ""score"": null,
      ""label"": ""not observable""
    },
    ""NCB"": {
      ""score"": null,
      ""label"": ""not observable""
    },
    ""TFF"": {
      ""score"": null,
      ""label"": ""not observable""
    },
    ""DGC"": {
      ""score"": null,
      ""label"": ""not observable""
    },
    ""AL"": {
      ""score"": 1,
      ""label"": ""weak emotional readiness""
    },
    ""MGO"": {
      ""score"": null,
      ""label"": ""not observable""
    },
    ""RIE"": {
      ""score"": null,
      ""label"": ""not observable""
    },
    ""ESD"": {
      ""score"": 0,
      ""label"": ""minimal environmental stability""
    }
  },
  ""achievement"": {
    ""probability"": null
  }
}",,18.2,1
ipasimy,ermsqmw,D16,2cba3dce059cb12516bab5cf4488981976bf492ee37b974bef69bdb802027e30,0.65,"{
  ""dimensions"": {
    ""EKS"": {
      ""score"": 2,
      ""label"": ""mixed entry knowledge""
    },
    ""PR"": {
      ""score"": 3,
      ""label"": ""strong prerequisite readiness""
    },
    ""EPE"": {
      ""score"": 3,
      ""label"": ""strong prior exposure""
    },
    ""LTD"": {
      ""score"": 2,
      ""label"": ""mixed topic manageability""
    },
    ""CAL"": {
      ""score"": 2,
      ""label"": ""mixed conceptual manageability""
    },
    ""PBL"": {
      ""score"": 1,
      ""label"": ""weak procedural manageability""
    },
    ""LCB"": {
      ""score"": 3,
      ""label"": ""strong language accessibility""
    },
    ""ELC"": {
      ""score"": 2,
      ""label"": ""mixed expressive adequacy""
    },
    ""WMS"": {
      ""score"": 1,
      ""label"": ""weak memory manageability""
    },
    ""NCB"": {
      ""score"": 2,
      ""label"": ""mixed notation manageability""
    },
    ""TFF"": {
      ""score"": 3,
      ""label"": ""strong format familiarity""
    },
    ""DGC"": {
      ""score"": null,
      ""label"": ""not observable""
    },
    ""AL"": {
      ""score"": 3,
      ""label"": ""strong emotional readiness""
    },
    ""MGO"": {
      ""score"": 3,
      ""label"": ""strong learning motivation""
    },
    ""RIE"": {
      ""score"": 4,
      ""label"": ""exceptional instructional exposure""
    },
    ""ESD"": {
      ""score"": 1,
      ""label"": ""weak environmental stability""
    }
  },
  ""achievement"": {
    ""probability"": 0.65
  }
}",,21.89,1
kjzixgw,eadzmts,D16,2cba3dce059cb12516bab5cf4488981976bf492ee37b974bef69bdb802027e30,0.65,"{
  ""dimensions"": {
    ""EKS"": {""score"": 3, ""label"": ""strong entry knowledge""},
    ""PR"": {""score"": 3, ""label"": ""strong prerequisite readiness""},
    ""EPE"": {""score"": 4, ""label"": ""exceptional prior exposure""},
    ""LTD"": {""score"": 2, ""label"": ""mixed topic manageability""},
    ""CAL"": {""score"": 2, ""label"": ""mixed conceptual manageability""},
    ""PBL"": {""score"": 2, ""label"": ""mixed procedural manageability""},
    ""LCB"": {""score"": 3, ""label"": ""strong language accessibility""},
    ""ELC"": {""score"": 3, ""label"": ""strong expressive adequacy""},
    ""WMS"": {""score"": 2, ""label"": ""mixed memory manageability""},
    ""NCB"": {""score"": 2, ""label"": ""mixed notation manageability""},
    ""TFF"": {""score"": 1, ""label"": ""weak format familiarity""},
    ""DGC"": {""score"": null, ""label"": ""not observable""},
    ""AL"": {""score"": 3, ""label"": ""strong emotional readiness""},
    ""MGO"": {""score"": 3, ""label"": ""strong learning motivation""},
    ""RIE"": {""score"": 4, ""label"": ""exceptional instructional exposure""},
    ""ESD"": {""score"": 1, ""label"": ""weak environmental stability""}
  },
  ""achievement"": {
    ""probability"": 0.65
  }
}",,16.64,1
kuikycl,mmupsct,D16,2cba3dce059cb12516bab5cf4488981976bf492ee37b974bef69bdb802027e30,0.75,"{
  ""dimensions"": {
    ""EKS"": {
      ""score"": 2,
      ""label"": ""mixed entry knowledge""
    },
    ""PR"": {
      ""score"": 3,
      ""label"": ""strong prerequisite readiness""
    },
    ""EPE"": {
      ""score"": 1,
      ""label"": ""weak prior exposure""
    },
    ""LTD"": {
      ""score"": 2,
      ""label"": ""mixed topic manageability""
    },
    ""CAL"": {
      ""score"": 2,
      ""label"": ""mixed conceptual manageability""
    },
    ""PBL"": {
      ""score"": 2,
      ""label"": ""mixed procedural manageability""
    },
    ""LCB"": {
      ""score"": 3,
      ""label"": ""strong language accessibility""
    },
    ""ELC"": {
      ""score"": 2,
      ""label"": ""mixed expressive adequacy""
    },
    ""WMS"": {
      ""score"": 2,
      ""label"": ""mixed memory manageability""
    },
    ""NCB"": {
      ""score"": 3,
      ""label"": ""strong notation manageability""
    },
    ""TFF"": {
      ""score"": 3,
      ""label"": ""strong format familiarity""
    },
    ""DGC"": {
      ""score"": null,
      ""label"": ""not observable""
    },
    ""AL"": {
      ""score"": 3,
      ""label"": ""strong emotional readiness""
    },
    ""MGO"": {
      ""score"": 3,
      ""label"": ""strong learning motivation""
    },
    ""RIE"": {
      ""score"": 4,
      ""label"": ""exceptional instructional exposure""
    },
    ""ESD"": {
      ""score"": 2,
      ""label"": ""mixed environmental stability""
    }
  },
  ""achievement"": {
    ""probability"": 0.75
  }
}",,22.96,1
mpnictg,irmbphf,D16,2cba3dce059cb12516bab5cf4488981976bf492ee37b974bef69bdb802027e30,0.75,"{
  ""dimensions"": {
    ""EKS"": {
      ""score"": 3,
      ""label"": ""strong entry knowledge""
    },
    ""PR"": {
      ""score"": 3,
      ""label"": ""strong prerequisite readiness""
    },
    ""EPE"": {
      ""score"": 4,
      ""label"": ""exceptional prior exposure""
    },
    ""LTD"": {
      ""score"": 3,
      ""label"": ""strong topic manageability""
    },
    ""CAL"": {
      ""score"": 2,
      ""label"": ""mixed conceptual manageability""
    },
    ""PBL"": {
      ""score"": 2,
      ""label"": ""mixed procedural manageability""
    },
    ""LCB"": {
      ""score"": 3,
      ""label"": ""strong language accessibility""
    },
    ""ELC"": {
      ""score"": 2,
      ""label"": ""mixed expressive adequacy""
    },
    ""WMS"": {
      ""score"": 2,
      ""label"": ""mixed memory manageability""
    },
    ""NCB"": {
      ""score"": 3,
      ""label"": ""strong notation manageability""
    },
    ""TFF"": {
      ""score"": 3,
      ""label"": ""strong format familiarity""
    },
    ""DGC"": {
      ""score"": null,
      ""label"": ""not observable""
    },
    ""AL"": {
      ""score"": 2,
      ""label"": ""mixed emotional readiness""
    },
    ""MGO"": {
      ""score"": 3,
      ""label"": ""strong learning motivation""
    },
    ""RIE"": {
      ""score"": 4,
      ""label"": ""exceptional instructional exposure""
    },
    ""ESD"": {
      ""score"": 1,
      ""label"": ""weak environmental stability""
    }
  },
  ""achievement"": {
    ""probability"": 0.75
  }
}",,24.74,1
ixmwcrt,mynqirh,D16,2cba3dce059cb12516bab5cf4488981976bf492ee37b974bef69bdb802027e30,0.25,"{
  ""dimensions"": {
    ""EKS"": {
      ""score"": 1,
      ""label"": ""weak entry knowledge""
    },
    ""PR"": {
      ""score"": 2,
      ""label"": ""mixed prerequisite readiness""
    },
    ""EPE"": {
      ""score"": 3,
      ""label"": ""strong prior exposure""
    },
    ""LTD"": {
      ""score"": 1,
      ""label"": ""weak topic manageability""
    },
    ""CAL"": {
      ""score"": 1,
      ""label"": ""weak conceptual manageability""
    },
    ""PBL"": {
      ""score"": 1,
      ""label"": ""weak procedural manageability""
    },
    ""LCB"": {
      ""score"": 3,
      ""label"": ""strong language accessibility""
    },
    ""ELC"": {
      ""score"": 2,
      ""label"": ""mixed expressive adequacy""
    },
    ""WMS"": {
      ""score"": 1,
      ""label"": ""weak memory manageability""
    },
    ""NCB"": {
      ""score"": 1,
      ""label"": ""weak notation manageability""
    },
    ""TFF"": {
      ""score"": 2,
      ""label"": ""mixed format familiarity""
    },
    ""DGC"": {
      ""score"": null,
      ""label"": ""not observable""
    },
    ""AL"": {
      ""score"": 3,
      ""label"": ""strong emotional readiness""
    },
    ""MGO"": {
      ""score"": 2,
      ""label"": ""mixed learning motivation""
    },
    ""RIE"": {
      ""score"": 4,
      ""label"": ""exceptional instructional exposure""
    },
    ""ESD"": {
      ""score"": 1,
      ""label"": ""weak environmental stability""
    }
  },
  ""achievement"": {
    ""probability"": 0.25
  }
}",,21.99,1
eorynsz,lwltbwi,D16,2cba3dce059cb12516bab5cf4488981976bf492ee37b974bef69bdb802027e30,0.65,"{
  ""dimensions"": {
    ""EKS"": {""score"": 2, ""label"": ""mixed entry knowledge""},
    ""PR"": {""score"": 3, ""label"": ""strong prerequisite readiness""},
    ""EPE"": {""score"": 1, ""label"": ""weak prior exposure""},
    ""LTD"": {""score"": 3, ""label"": ""strong topic manageability""},
    ""CAL"": {""score"": 2, ""label"": ""mixed conceptual manageability""},
    ""PBL"": {""score"": 2, ""label"": ""mixed procedural manageability""},
    ""LCB"": {""score"": 3, ""label"": ""strong language accessibility""},
    ""ELC"": {""score"": 2, ""label"": ""mixed expressive adequacy""},
    ""WMS"": {""score"": 2, ""label"": ""mixed memory manageability""},
    ""NCB"": {""score"": 3, ""label"": ""strong notation manageability""},
    ""TFF"": {""score"": 3, ""label"": ""strong format familiarity""},
    ""DGC"": {""score"": null, ""label"": ""not observable""},
    ""AL"": {""score"": 2, ""label"": ""mixed emotional readiness""},
    ""MGO"": {""score"": 2, ""label"": ""mixed learning motivation""},
    ""RIE"": {""score"": 1, ""label"": ""weak instructional exposure""},
    ""ESD"": {""score"": 1, ""label"": ""weak environmental stability""}
  },
  ""achievement"": {
    ""probability"": 0.65
  }
}",,17.77,1
inwjppw,jectuft,D16,2cba3dce059cb12516bab5cf4488981976bf492ee37b974bef69bdb802027e30,0.75,"{
  ""dimensions"": {
    ""EKS"": {""score"": 2, ""label"": ""mixed entry knowledge""},
    ""PR"": {""score"": 3, ""label"": ""strong prerequisite readiness""},
    ""EPE"": {""score"": 1, ""label"": ""weak prior exposure""},
    ""LTD"": {""score"": 3, ""label"": ""strong topic manageability""},
    ""CAL"": {""score"": 2, ""label"": ""mixed conceptual manageability""},
    ""PBL"": {""score"": 2, ""label"": ""mixed procedural manageability""},
    ""LCB"": {""score"": 3, ""label"": ""strong language accessibility""},
    ""ELC"": {""score"": 2, ""label"": ""mixed expressive adequacy""},
    ""WMS"": {""score"": 2, ""label"": ""mixed memory manageability""},
    ""NCB"": {""score"": 2, ""label"": ""mixed notation manageability""},
    ""TFF"": {""score"": 3, ""label"": ""strong format familiarity""},
    ""DGC"": {""score"": null, ""label"": ""not observable""},
    ""AL"": {""score"": 3, ""label"": ""strong emotional readiness""},
    ""MGO"": {""score"": 3, ""label"": ""strong learning motivation""},
    ""RIE"": {""score"": 2, ""label"": ""mixed instructional exposure""},
    ""ESD"": {""score"": 2, ""label"": ""mixed environmental stability""}
  },
  ""achievement"": {
    ""probability"": 0.75
  }
}",,17.94,1
bqvialw,cmspimw,D16,2cba3dce059cb12516bab5cf4488981976bf492ee37b974bef69bdb802027e30,0.45,"{
  ""dimensions"": {
    ""EKS"": {""score"": 2, ""label"": ""mixed entry knowledge""},
    ""PR"": {""score"": 2, ""label"": ""mixed prerequisite readiness""},
    ""EPE"": {""score"": 3, ""label"": ""strong prior exposure""},
    ""LTD"": {""score"": 2, ""label"": ""mixed topic manageability""},
    ""CAL"": {""score"": 1, ""label"": ""weak conceptual manageability""},
    ""PBL"": {""score"": 1, ""label"": ""weak procedural manageability""},
    ""LCB"": {""score"": 0, ""label"": ""minimal language accessibility""},
    ""ELC"": {""score"": 1, ""label"": ""weak expressive adequacy""},
    ""WMS"": {""score"": 1, ""label"": ""weak memory manageability""},
    ""NCB"": {""score"": 2, ""label"": ""mixed notation manageability""},
    ""TFF"": {""score"": 3, ""label"": ""strong format familiarity""},
    ""DGC"": {""score"": null, ""label"": ""not observable""},
    ""AL"": {""score"": 1, ""label"": ""weak emotional readiness""},
    ""MGO"": {""score"": 2, ""label"": ""mixed learning motivation""},
    ""RIE"": {""score"": 3, ""label"": ""strong instructional exposure""},
    ""ESD"": {""score"": 0, ""label"": ""minimal environmental stability""}
  },
  ""achievement"": {
    ""probability"": 0.45
  }
}",,17.57,1
mutbpma,agbrbao,D16,2cba3dce059cb12516bab5cf4488981976bf492ee37b974bef69bdb802027e30,0.55,"{
  ""dimensions"": {
    ""EKS"": {
      ""score"": 1,
      ""label"": ""weak entry knowledge""
    },
    ""PR"": {
      ""score"": 3,
      ""label"": ""strong prerequisite readiness""
    },
    ""EPE"": {
      ""score"": 0,
      ""label"": ""minimal prior exposure""
    },
    ""LTD"": {
      ""score"": 2,
      ""label"": ""mixed topic manageability""
    },
    ""CAL"": {
      ""score"": 2,
      ""label"": ""mixed conceptual manageability""
    },
    ""PBL"": {
      ""score"": 2,
      ""label"": ""mixed procedural manageability""
    },
    ""LCB"": {
      ""score"": 3,
      ""label"": ""strong language accessibility""
    },
    ""ELC"": {
      ""score"": 2,
      ""label"": ""mixed expressive adequacy""
    },
    ""WMS"": {
      ""score"": 1,
      ""label"": ""weak memory manageability""
    },
    ""NCB"": {
      ""score"": 2,
      ""label"": ""mixed notation manageability""
    },
    ""TFF"": {
      ""score"": 2,
      ""label"": ""mixed format familiarity""
    },
    ""DGC"": {
      ""score"": null,
      ""label"": ""not observable""
    },
    ""AL"": {
      ""score"": 1,
      ""label"": ""weak emotional readiness""
    },
    ""MGO"": {
      ""score"": 2,
      ""label"": ""mixed learning motivation""
    },
    ""RIE"": {
      ""score"": 3,
      ""label"": ""strong instructional exposure""
    },
    ""ESD"": {
      ""score"": 1,
      ""label"": ""weak environmental stability""
    }
  },
  ""achievement"": {
    ""probability"": 0.55
  }
}",,21.66,1
kmdajap,dfkstid,D16,2cba3dce059cb12516bab5cf4488981976bf492ee37b974bef69bdb802027e30,0.65,"{
  ""dimensions"": {
    ""EKS"": {
      ""score"": 2,
      ""label"": ""mixed entry knowledge""
    },
    ""PR"": {
      ""score"": 2,
      ""label"": ""mixed prerequisite readiness""
    },
    ""EPE"": {
      ""score"": 3,
      ""label"": ""strong prior exposure""
    },
    ""LTD"": {
      ""score"": 2,
      ""label"": ""mixed topic manageability""
    },
    ""CAL"": {
      ""score"": 2,
      ""label"": ""mixed conceptual manageability""
    },
    ""PBL"": {
      ""score"": 1,
      ""label"": ""weak procedural manageability""
    },
    ""LCB"": {
      ""score"": 3,
      ""label"": ""strong language accessibility""
    },
    ""ELC"": {
      ""score"": 2,
      ""label"": ""mixed expressive adequacy""
    },
    ""WMS"": {
      ""score"": 1,
      ""label"": ""weak memory manageability""
    },
    ""NCB"": {
      ""score"": 2,
      ""label"": ""mixed notation manageability""
    },
    ""TFF"": {
      ""score"": 3,
      ""label"": ""strong format familiarity""
    },
    ""DGC"": {
      ""score"": null,
      ""label"": ""not observable""
    },
    ""AL"": {
      ""score"": 3,
      ""label"": ""strong emotional readiness""
    },
    ""MGO"": {
      ""score"": 3,
      ""label"": ""strong learning motivation""
    },
    ""RIE"": {
      ""score"": 4,
      ""label"": ""exceptional instructional exposure""
    },
    ""ESD"": {
      ""score"": 2,
      ""label"": ""mixed environmental stability""
    }
  },
  ""achievement"": {
    ""probability"": 0.65
  }
}",,23.84,1
ghxygyd,hfyjylk,D16,2cba3dce059cb12516bab5cf4488981976bf492ee37b974bef69bdb802027e30,0.75,"{
  ""dimensions"": {
    ""EKS"": {""score"": 3, ""label"": ""strong entry knowledge""},
    ""PR"": {""score"": 3, ""label"": ""strong prerequisite readiness""},
    ""EPE"": {""score"": 4, ""label"": ""exceptional prior exposure""},
    ""LTD"": {""score"": 3, ""label"": ""strong topic manageability""},
    ""CAL"": {""score"": 2, ""label"": ""mixed conceptual manageability""},
    ""PBL"": {""score"": 3, ""label"": ""strong procedural manageability""},
    ""LCB"": {""score"": 2, ""label"": ""mixed language accessibility""},
    ""ELC"": {""score"": 3, ""label"": ""strong expressive adequacy""},
    ""WMS"": {""score"": 2, ""label"": ""mixed memory manageability""},
    ""NCB"": {""score"": 3, ""label"": ""strong notation manageability""},
    ""TFF"": {""score"": 3, ""label"": ""strong format familiarity""},
    ""DGC"": {""score"": null, ""label"": ""not observable""},
    ""AL"": {""score"": 3, ""label"": ""strong emotional readiness""},
    ""MGO"": {""score"": 3, ""label"": ""strong learning motivation""},
    ""RIE"": {""score"": 4, ""label"": ""exceptional instructional exposure""},
    ""ESD"": {""score"": 2, ""label"": ""mixed environmental stability""}
  },
  ""achievement"": {
    ""probability"": 0.75
  }
}",,19.29,1
hajobyw,cjiwhcy,D16,2cba3dce059cb12516bab5cf4488981976bf492ee37b974bef69bdb802027e30,0.55,"{
  ""dimensions"": {
    ""EKS"": {""score"": 2, ""label"": ""mixed entry knowledge""},
    ""PR"": {""score"": 2, ""label"": ""mixed prerequisite readiness""},
    ""EPE"": {""score"": 3, ""label"": ""strong prior exposure""},
    ""LTD"": {""score"": 2, ""label"": ""mixed topic manageability""},
    ""CAL"": {""score"": 1, ""label"": ""weak conceptual manageability""},
    ""PBL"": {""score"": 2, ""label"": ""mixed procedural manageability""},
    ""LCB"": {""score"": 3, ""label"": ""strong language accessibility""},
    ""ELC"": {""score"": 2, ""label"": ""mixed expressive adequacy""},
    ""WMS"": {""score"": 1, ""label"": ""weak memory manageability""},
    ""NCB"": {""score"": 2, ""label"": ""mixed notation manageability""},
    ""TFF"": {""score"": 3, ""label"": ""strong format familiarity""},
    ""DGC"": {""score"": null, ""label"": ""not observable""},
    ""AL"": {""score"": 3, ""label"": ""strong emotional readiness""},
    ""MGO"": {""score"": 3, ""label"": ""strong learning motivation""},
    ""RIE"": {""score"": 4, ""label"": ""exceptional instructional exposure""},
    ""ESD"": {""score"": 2, ""label"": ""mixed environmental stability""}
  },
  ""achievement"": {
    ""probability"": 0.55
  }
}",,18.88,1
lxfpqtr,dvyqhjf,D16,2cba3dce059cb12516bab5cf4488981976bf492ee37b974bef69bdb802027e30,0.65,"{
  ""dimensions"": {
    ""EKS"": {""score"": 2, ""label"": ""mixed entry knowledge""},
    ""PR"": {""score"": 2, ""label"": ""mixed prerequisite readiness""},
    ""EPE"": {""score"": 3, ""label"": ""strong prior exposure""},
    ""LTD"": {""score"": 3, ""label"": ""strong topic manageability""},
    ""CAL"": {""score"": 3, ""label"": ""strong conceptual manageability""},
    ""PBL"": {""score"": 2, ""label"": ""mixed procedural manageability""},
    ""LCB"": {""score"": 1, ""label"": ""weak language accessibility""},
    ""ELC"": {""score"": 1, ""label"": ""weak expressive adequacy""},
    ""WMS"": {""score"": 2, ""label"": ""mixed memory manageability""},
    ""NCB"": {""score"": 2, ""label"": ""mixed notation manageability""},
    ""TFF"": {""score"": 2, ""label"": ""mixed format familiarity""},
    ""DGC"": {""score"": null, ""label"": ""not observable""},
    ""AL"": {""score"": 2, ""label"": ""mixed emotional readiness""},
    ""MGO"": {""score"": 2, ""label"": ""mixed learning motivation""},
    ""RIE"": {""score"": 3, ""label"": ""strong instructional exposure""},
    ""ESD"": {""score"": 1, ""label"": ""weak environmental stability""}
  },
  ""achievement"": {
    ""probability"": 0.65
  }
}",,14.44,1
gmwzqqo,fmaitvc,D16,2cba3dce059cb12516bab5cf4488981976bf492ee37b974bef69bdb802027e30,0.65,"{
  ""dimensions"": {
    ""EKS"": {
      ""score"": 2,
      ""label"": ""mixed entry knowledge""
    },
    ""PR"": {
      ""score"": 2,
      ""label"": ""mixed prerequisite readiness""
    },
    ""EPE"": {
      ""score"": 3,
      ""label"": ""strong prior exposure""
    },
    ""LTD"": {
      ""score"": 3,
      ""label"": ""strong topic manageability""
    },
    ""CAL"": {
      ""score"": 2,
      ""label"": ""mixed conceptual manageability""
    },
    ""PBL"": {
      ""score"": 2,
      ""label"": ""mixed procedural manageability""
    },
    ""LCB"": {
      ""score"": 3,
      ""label"": ""strong language accessibility""
    },
    ""ELC"": {
      ""score"": 2,
      ""label"": ""mixed expressive adequacy""
    },
    ""WMS"": {
      ""score"": 2,
      ""label"": ""mixed memory manageability""
    },
    ""NCB"": {
      ""score"": 2,
      ""label"": ""mixed notation manageability""
    },
    ""TFF"": {
      ""score"": 3,
      ""label"": ""strong format familiarity""
    },
    ""DGC"": {
      ""score"": null,
      ""label"": ""not observable""
    },
    ""AL"": {
      ""score"": 3,
      ""label"": ""strong emotional readiness""
    },
    ""MGO"": {
      ""score"": 2,
      ""label"": ""mixed learning motivation""
    },
    ""RIE"": {
      ""score"": 4,
      ""label"": ""exceptional instructional exposure""
    },
    ""ESD"": {
      ""score"": 1,
      ""label"": ""weak environmental stability""
    }
  },
  ""achievement"": {
    ""probability"": 0.65
  }
}",,20.53,1
myhqduu,mnmwlha,D16,2cba3dce059cb12516bab5cf4488981976bf492ee37b974bef69bdb802027e30,0.55,"{
  ""dimensions"": {
    ""EKS"": {
      ""score"": 1,
      ""label"": ""weak entry knowledge""
    },
    ""PR"": {
      ""score"": 2,
      ""label"": ""mixed prerequisite readiness""
    },
    ""EPE"": {
      ""score"": 3,
      ""label"": ""strong prior exposure""
    },
    ""LTD"": {
      ""score"": 2,
      ""label"": ""mixed topic manageability""
    },
    ""CAL"": {
      ""score"": 2,
      ""label"": ""mixed conceptual manageability""
    },
    ""PBL"": {
      ""score"": 1,
      ""label"": ""weak procedural manageability""
    },
    ""LCB"": {
      ""score"": 3,
      ""label"": ""strong language accessibility""
    },
    ""ELC"": {
      ""score"": 2,
      ""label"": ""mixed expressive adequacy""
    },
    ""WMS"": {
      ""score"": 1,
      ""label"": ""weak memory manageability""
    },
    ""NCB"": {
      ""score"": 2,
      ""label"": ""mixed notation manageability""
    },
    ""TFF"": {
      ""score"": 2,
      ""label"": ""mixed format familiarity""
    },
    ""DGC"": {
      ""score"": null,
      ""label"": ""not observable""
    },
    ""AL"": {
      ""score"": 3,
      ""label"": ""strong emotional readiness""
    },
    ""MGO"": {
      ""score"": 2,
      ""label"": ""mixed learning motivation""
    },
    ""RIE"": {
      ""score"": 4,
      ""label"": ""exceptional instructional exposure""
    },
    ""ESD"": {
      ""score"": 1,
      ""label"": ""weak environmental stability""
    }
  },
  ""achievement"": {
    ""probability"": 0.55
  }
}",,22.69,1
dmuvzxy,iazzphj,D16,2cba3dce059cb12516bab5cf4488981976bf492ee37b974bef69bdb802027e30,0.65,"{
  ""dimensions"": {
    ""EKS"": {
      ""score"": 2,
      ""label"": ""mixed entry knowledge""
    },
    ""PR"": {
      ""score"": 2,
      ""label"": ""mixed prerequisite readiness""
    },
    ""EPE"": {
      ""score"": 1,
      ""label"": ""weak prior exposure""
    },
    ""LTD"": {
      ""score"": 3,
      ""label"": ""strong topic manageability""
    },
    ""CAL"": {
      ""score"": 2,
      ""label"": ""mixed conceptual manageability""
    },
    ""PBL"": {
      ""score"": 2,
      ""label"": ""mixed procedural manageability""
    },
    ""LCB"": {
      ""score"": 3,
      ""label"": ""strong language accessibility""
    },
    ""ELC"": {
      ""score"": 2,
      ""label"": ""mixed expressive adequacy""
    },
    ""WMS"": {
      ""score"": 1,
      ""label"": ""weak memory manageability""
    },
    ""NCB"": {
      ""score"": 2,
      ""label"": ""mixed notation manageability""
    },
    ""TFF"": {
      ""score"": 3,
      ""label"": ""strong format familiarity""
    },
    ""DGC"": {
      ""score"": null,
      ""label"": ""not observable""
    },
    ""AL"": {
      ""score"": 2,
      ""label"": ""mixed emotional readiness""
    },
    ""MGO"": {
      ""score"": 3,
      ""label"": ""strong learning motivation""
    },
    ""RIE"": {
      ""score"": 3,
      ""label"": ""strong instructional exposure""
    },
    ""ESD"": {
      ""score"": 1,
      ""label"": ""weak environmental stability""
    }
  },
  ""achievement"": {
    ""probability"": 0.65
  }
}",,20.12,1
bqvjshq,nehqlih,D16,2cba3dce059cb12516bab5cf4488981976bf492ee37b974bef69bdb802027e30,0.65,"{
  ""dimensions"": {
    ""EKS"": {""score"": 2, ""label"": ""mixed entry knowledge""},
    ""PR"": {""score"": 2, ""label"": ""mixed prerequisite readiness""},
    ""EPE"": {""score"": 3, ""label"": ""strong prior exposure""},
    ""LTD"": {""score"": 2, ""label"": ""mixed topic manageability""},
    ""CAL"": {""score"": 2, ""label"": ""mixed conceptual manageability""},
    ""PBL"": {""score"": 1, ""label"": ""weak procedural manageability""},
    ""LCB"": {""score"": 3, ""label"": ""strong language accessibility""},
    ""ELC"": {""score"": 2, ""label"": ""mixed expressive adequacy""},
    ""WMS"": {""score"": 1, ""label"": ""weak memory manageability""},
    ""NCB"": {""score"": 2, ""label"": ""mixed notation manageability""},
    ""TFF"": {""score"": 3, ""label"": ""strong format familiarity""},
    ""DGC"": {""score"": null, ""label"": ""not observable""},
    ""AL"": {""score"": 1, ""label"": ""weak emotional readiness""},
    ""MGO"": {""score"": 2, ""label"": ""mixed learning motivation""},
    ""RIE"": {""score"": 3, ""label"": ""strong instructional exposure""},
    ""ESD"": {""score"": 2, ""label"": ""mixed environmental stability""}
  },
  ""achievement"": {
    ""probability"": 0.65
  }
}",,17.27,1
htpavyv,gbfhfdj,D16,2cba3dce059cb12516bab5cf4488981976bf492ee37b974bef69bdb802027e30,0.75,"{
  ""dimensions"": {
    ""EKS"": {
      ""score"": 3,
      ""label"": ""strong entry knowledge""
    },
    ""PR"": {
      ""score"": 3,
      ""label"": ""strong prerequisite readiness""
    },
    ""EPE"": {
      ""score"": 4,
      ""label"": ""exceptional prior exposure""
    },
    ""LTD"": {
      ""score"": 3,
      ""label"": ""strong topic manageability""
    },
    ""CAL"": {
      ""score"": 2,
      ""label"": ""mixed conceptual manageability""
    },
    ""PBL"": {
      ""score"": 3,
      ""label"": ""strong procedural manageability""
    },
    ""LCB"": {
      ""score"": 3,
      ""label"": ""strong language accessibility""
    },
    ""ELC"": {
      ""score"": 2,
      ""label"": ""mixed expressive adequacy""
    },
    ""WMS"": {
      ""score"": 2,
      ""label"": ""mixed memory manageability""
    },
    ""NCB"": {
      ""score"": 3,
      ""label"": ""strong notation manageability""
    },
    ""TFF"": {
      ""score"": 3,
      ""label"": ""strong format familiarity""
    },
    ""DGC"": {
      ""score"": null,
      ""label"": ""not observable""
    },
    ""AL"": {
      ""score"": 2,
      ""label"": ""mixed emotional readiness""
    },
    ""MGO"": {
      ""score"": 3,
      ""label"": ""strong learning motivation""
    },
    ""RIE"": {
      ""score"": 4,
      ""label"": ""exceptional instructional exposure""
    },
    ""ESD"": {
      ""score"": 2,
      ""label"": ""mixed environmental stability""
    }
  },
  ""achievement"": {
    ""probability"": 0.75
  }
}",,23.12,1
fnocpuz,exgkjap,D16,2cba3dce059cb12516bab5cf4488981976bf492ee37b974bef69bdb802027e30,0.45,"{
  ""dimensions"": {
    ""EKS"": {""score"": 1, ""label"": ""weak entry knowledge""},
    ""PR"": {""score"": 2, ""label"": ""mixed prerequisite readiness""},
    ""EPE"": {""score"": 3, ""label"": ""strong prior exposure""},
    ""LTD"": {""score"": 2, ""label"": ""mixed topic manageability""},
    ""CAL"": {""score"": 1, ""label"": ""weak conceptual manageability""},
    ""PBL"": {""score"": 1, ""label"": ""weak procedural manageability""},
    ""LCB"": {""score"": 3, ""label"": ""strong language accessibility""},
    ""ELC"": {""score"": 2, ""label"": ""mixed expressive adequacy""},
    ""WMS"": {""score"": 1, ""label"": ""weak memory manageability""},
    ""NCB"": {""score"": 1, ""label"": ""weak notation manageability""},
    ""TFF"": {""score"": 3, ""label"": ""strong format familiarity""},
    ""DGC"": {""score"": null, ""label"": ""not observable""},
    ""AL"": {""score"": 2, ""label"": ""mixed emotional readiness""},
    ""MGO"": {""score"": 2, ""label"": ""mixed learning motivation""},
    ""RIE"": {""score"": 3, ""label"": ""strong instructional exposure""},
    ""ESD"": {""score"": 1, ""label"": ""weak environmental stability""}
  },
  ""achievement"": {
    ""probability"": 0.45
  }
}",,16.88,1
cdxqmde,gvyprrc,D16,2cba3dce059cb12516bab5cf4488981976bf492ee37b974bef69bdb802027e30,0.45,"{
  ""dimensions"": {
    ""EKS"": {
      ""score"": 2,
      ""label"": ""mixed entry knowledge""
    },
    ""PR"": {
      ""score"": 2,
      ""label"": ""mixed prerequisite readiness""
    },
    ""EPE"": {
      ""score"": 3,
      ""label"": ""strong prior exposure""
    },
    ""LTD"": {
      ""score"": 2,
      ""label"": ""mixed topic manageability""
    },
    ""CAL"": {
      ""score"": 1,
      ""label"": ""weak conceptual manageability""
    },
    ""PBL"": {
      ""score"": 1,
      ""label"": ""weak procedural manageability""
    },
    ""LCB"": {
      ""score"": 2,
      ""label"": ""mixed language accessibility""
    },
    ""ELC"": {
      ""score"": 2,
      ""label"": ""mixed expressive adequacy""
    },
    ""WMS"": {
      ""score"": 1,
      ""label"": ""weak memory manageability""
    },
    ""NCB"": {
      ""score"": 1,
      ""label"": ""weak notation manageability""
    },
    ""TFF"": {
      ""score"": 2,
      ""label"": ""mixed format familiarity""
    },
    ""DGC"": {
      ""score"": null,
      ""label"": ""not observable""
    },
    ""AL"": {
      ""score"": 1,
      ""label"": ""weak emotional readiness""
    },
    ""MGO"": {
      ""score"": 2,
      ""label"": ""mixed learning motivation""
    },
    ""RIE"": {
      ""score"": 3,
      ""label"": ""strong instructional exposure""
    },
    ""ESD"": {
      ""score"": 0,
      ""label"": ""minimal environmental stability""
    }
  },
  ""achievement"": {
    ""probability"": 0.45
  }
}",,23.2,1
ervrqmn,egamjeq,D16,2cba3dce059cb12516bab5cf4488981976bf492ee37b974bef69bdb802027e30,0.65,"{
  ""dimensions"": {
    ""EKS"": {
      ""score"": 2,
      ""label"": ""mixed entry knowledge""
    },
    ""PR"": {
      ""score"": 2,
      ""label"": ""mixed prerequisite readiness""
    },
    ""EPE"": {
      ""score"": 3,
      ""label"": ""strong prior exposure""
    },
    ""LTD"": {
      ""score"": 2,
      ""label"": ""mixed topic manageability""
    },
    ""CAL"": {
      ""score"": 2,
      ""label"": ""mixed conceptual manageability""
    },
    ""PBL"": {
      ""score"": 2,
      ""label"": ""mixed procedural manageability""
    },
    ""LCB"": {
      ""score"": 3,
      ""label"": ""strong language accessibility""
    },
    ""ELC"": {
      ""score"": 2,
      ""label"": ""mixed expressive adequacy""
    },
    ""WMS"": {
      ""score"": 1,
      ""label"": ""weak memory manageability""
    },
    ""NCB"": {
      ""score"": 2,
      ""label"": ""mixed notation manageability""
    },
    ""TFF"": {
      ""score"": 3,
      ""label"": ""strong format familiarity""
    },
    ""DGC"": {
      ""score"": null,
      ""label"": ""not observable""
    },
    ""AL"": {
      ""score"": 3,
      ""label"": ""strong emotional readiness""
    },
    ""MGO"": {
      ""score"": 3,
      ""label"": ""strong learning motivation""
    },
    ""RIE"": {
      ""score"": 4,
      ""label"": ""exceptional instructional exposure""
    },
    ""ESD"": {
      ""score"": 2,
      ""label"": ""mixed environmental stability""
    }
  },
  ""achievement"": {
    ""probability"": 0.65
  }
}",,23.48,1
jjvqkbp,mvbiikq,D16,2cba3dce059cb12516bab5cf4488981976bf492ee37b974bef69bdb802027e30,0.85,"{
  ""dimensions"": {
    ""EKS"": {
      ""score"": 3,
      ""label"": ""strong entry knowledge""
    },
    ""PR"": {
      ""score"": 3,
      ""label"": ""strong prerequisite readiness""
    },
    ""EPE"": {
      ""score"": 4,
      ""label"": ""exceptional prior exposure""
    },
    ""LTD"": {
      ""score"": 3,
      ""label"": ""strong topic manageability""
    },
    ""CAL"": {
      ""score"": 3,
      ""label"": ""strong conceptual manageability""
    },
    ""PBL"": {
      ""score"": 2,
      ""label"": ""mixed procedural manageability""
    },
    ""LCB"": {
      ""score"": 3,
      ""label"": ""strong language accessibility""
    },
    ""ELC"": {
      ""score"": 2,
      ""label"": ""mixed expressive adequacy""
    },
    ""WMS"": {
      ""score"": 2,
      ""label"": ""mixed memory manageability""
    },
    ""NCB"": {
      ""score"": 3,
      ""label"": ""strong notation manageability""
    },
    ""TFF"": {
      ""score"": 3,
      ""label"": ""strong format familiarity""
    },
    ""DGC"": {
      ""score"": null,
      ""label"": ""not observable""
    },
    ""AL"": {
      ""score"": 4,
      ""label"": ""exceptional emotional readiness""
    },
    ""MGO"": {
      ""score"": 3,
      ""label"": ""strong learning motivation""
    },
    ""RIE"": {
      ""score"": 4,
      ""label"": ""exceptional instructional exposure""
    },
    ""ESD"": {
      ""score"": 2,
      ""label"": ""mixed environmental stability""
    }
  },
  ""achievement"": {
    ""probability"": 0.85
  }
}",,24.16,1
craxqtb,fcejvel,D16,2cba3dce059cb12516bab5cf4488981976bf492ee37b974bef69bdb802027e30,0.85,"{
  ""dimensions"": {
    ""EKS"": {
      ""score"": 3,
      ""label"": ""strong entry knowledge""
    },
    ""PR"": {
      ""score"": 3,
      ""label"": ""strong prerequisite readiness""
    },
    ""EPE"": {
      ""score"": 4,
      ""label"": ""exceptional prior exposure""
    },
    ""LTD"": {
      ""score"": 3,
      ""label"": ""strong topic manageability""
    },
    ""CAL"": {
      ""score"": 3,
      ""label"": ""strong conceptual manageability""
    },
    ""PBL"": {
      ""score"": 3,
      ""label"": ""strong procedural manageability""
    },
    ""LCB"": {
      ""score"": 4,
      ""label"": ""exceptional language accessibility""
    },
    ""ELC"": {
      ""score"": 3,
      ""label"": ""strong expressive adequacy""
    },
    ""WMS"": {
      ""score"": 2,
      ""label"": ""mixed memory manageability""
    },
    ""NCB"": {
      ""score"": 3,
      ""label"": ""strong notation manageability""
    },
    ""TFF"": {
      ""score"": 3,
      ""label"": ""strong format familiarity""
    },
    ""DGC"": {
      ""score"": null,
      ""label"": ""not observable""
    },
    ""AL"": {
      ""score"": 4,
      ""label"": ""exceptional emotional readiness""
    },
    ""MGO"": {
      ""score"": 3,
      ""label"": ""strong learning motivation""
    },
    ""RIE"": {
      ""score"": 4,
      ""label"": ""exceptional instructional exposure""
    },
    ""ESD"": {
      ""score"": 2,
      ""label"": ""mixed environmental stability""
    }
  },
  ""achievement"": {
    ""probability"": 0.85
  }
}",,22.09,1
klvgffp,jellkmj,D16,2cba3dce059cb12516bab5cf4488981976bf492ee37b974bef69bdb802027e30,0.92,"{
  ""dimensions"": {
    ""EKS"": {""score"": 3, ""label"": ""strong entry knowledge""},
    ""PR"": {""score"": 3, ""label"": ""strong prerequisite readiness""},
    ""EPE"": {""score"": 2, ""label"": ""mixed prior exposure""},
    ""LTD"": {""score"": 4, ""label"": ""exceptional topic manageability""},
    ""CAL"": {""score"": 4, ""label"": ""exceptional conceptual manageability""},
    ""PBL"": {""score"": 3, ""label"": ""strong procedural manageability""},
    ""LCB"": {""score"": 3, ""label"": ""strong language accessibility""},
    ""ELC"": {""score"": 2, ""label"": ""mixed expressive adequacy""},
    ""WMS"": {""score"": 3, ""label"": ""strong memory manageability""},
    ""NCB"": {""score"": 4, ""label"": ""exceptional notation manageability""},
    ""TFF"": {""score"": 3, ""label"": ""strong format familiarity""},
    ""DGC"": {""score"": 3, ""label"": ""strong developmental fit""},
    ""AL"": {""score"": 3, ""label"": ""strong emotional readiness""},
    ""MGO"": {""score"": 3, ""label"": ""strong learning motivation""},
    ""RIE"": {""score"": 4, ""label"": ""exceptional instructional exposure""},
    ""ESD"": {""score"": 2, ""label"": ""mixed environmental stability""}
  },
  ""achievement"": {
    ""probability"": 0.92
  }
}",,17.62,1
fhmzzqd,hplatpg,D16,2cba3dce059cb12516bab5cf4488981976bf492ee37b974bef69bdb802027e30,0.35,"{
  ""dimensions"": {
    ""EKS"": {""score"": 1, ""label"": ""weak entry knowledge""},
    ""PR"": {""score"": 2, ""label"": ""mixed prerequisite readiness""},
    ""EPE"": {""score"": 0, ""label"": ""minimal prior exposure""},
    ""LTD"": {""score"": 1, ""label"": ""weak topic manageability""},
    ""CAL"": {""score"": 1, ""label"": ""weak conceptual manageability""},
    ""PBL"": {""score"": 1, ""label"": ""weak procedural manageability""},
    ""LCB"": {""score"": 2, ""label"": ""mixed language accessibility""},
    ""ELC"": {""score"": 2, ""label"": ""mixed expressive adequacy""},
    ""WMS"": {""score"": 0, ""label"": ""minimal memory manageability""},
    ""NCB"": {""score"": 1, ""label"": ""weak notation manageability""},
    ""TFF"": {""score"": 2, ""label"": ""mixed format familiarity""},
    ""DGC"": {""score"": null, ""label"": ""not observable""},
    ""AL"": {""score"": 0, ""label"": ""minimal emotional readiness""},
    ""MGO"": {""score"": 1, ""label"": ""weak learning motivation""},
    ""RIE"": {""score"": 2, ""label"": ""mixed instructional exposure""},
    ""ESD"": {""score"": 0, ""label"": ""minimal environmental stability""}
  },
  ""achievement"": {
    ""probability"": 0.35
  }
}",,16.38,1
gbhcmro,gezwcct,D16,2cba3dce059cb12516bab5cf4488981976bf492ee37b974bef69bdb802027e30,0.55,"{
  ""dimensions"": {
    ""EKS"": {""score"": 1, ""label"": ""weak entry knowledge""},
    ""PR"": {""score"": 2, ""label"": ""mixed prerequisite readiness""},
    ""EPE"": {""score"": 3, ""label"": ""strong prior exposure""},
    ""LTD"": {""score"": 2, ""label"": ""mixed topic manageability""},
    ""CAL"": {""score"": 1, ""label"": ""weak conceptual manageability""},
    ""PBL"": {""score"": 1, ""label"": ""weak procedural manageability""},
    ""LCB"": {""score"": 3, ""label"": ""strong language accessibility""},
    ""ELC"": {""score"": 2, ""label"": ""mixed expressive adequacy""},
    ""WMS"": {""score"": 1, ""label"": ""weak memory manageability""},
    ""NCB"": {""score"": 1, ""label"": ""weak notation manageability""},
    ""TFF"": {""score"": 2, ""label"": ""mixed format familiarity""},
    ""DGC"": {""score"": null, ""label"": ""not observable""},
    ""AL"": {""score"": 3, ""label"": ""strong emotional readiness""},
    ""MGO"": {""score"": 3, ""label"": ""strong learning motivation""},
    ""RIE"": {""score"": 4, ""label"": ""exceptional instructional exposure""},
    ""ESD"": {""score"": 1, ""label"": ""weak environmental stability""}
  },
  ""achievement"": {
    ""probability"": 0.55
  }
}",,17.35,1
jhagdcr,jcygafu,D16,2cba3dce059cb12516bab5cf4488981976bf492ee37b974bef69bdb802027e30,0.55,"{
  ""dimensions"": {
    ""EKS"": {""score"": 1, ""label"": ""weak entry knowledge""},
    ""PR"": {""score"": 2, ""label"": ""mixed prerequisite readiness""},
    ""EPE"": {""score"": 3, ""label"": ""strong prior exposure""},
    ""LTD"": {""score"": 2, ""label"": ""mixed topic manageability""},
    ""CAL"": {""score"": 2, ""label"": ""mixed conceptual manageability""},
    ""PBL"": {""score"": 1, ""label"": ""weak procedural manageability""},
    ""LCB"": {""score"": 3, ""label"": ""strong language accessibility""},
    ""ELC"": {""score"": 2, ""label"": ""mixed expressive adequacy""},
    ""WMS"": {""score"": 1, ""label"": ""weak memory manageability""},
    ""NCB"": {""score"": 1, ""label"": ""weak notation manageability""},
    ""TFF"": {""score"": 3, ""label"": ""strong format familiarity""},
    ""DGC"": {""score"": null, ""label"": ""not observable""},
    ""AL"": {""score"": 2, ""label"": ""mixed emotional readiness""},
    ""MGO"": {""score"": 3, ""label"": ""strong learning motivation""},
    ""RIE"": {""score"": 4, ""label"": ""exceptional instructional exposure""},
    ""ESD"": {""score"": 1, ""label"": ""weak environmental stability""}
  },
  ""achievement"": {
    ""probability"": 0.55
  }
}",,18.67,1
hyiqmhr,dknqkwc,D16,2cba3dce059cb12516bab5cf4488981976bf492ee37b974bef69bdb802027e30,0.65,"{
  ""dimensions"": {
    ""EKS"": {
      ""score"": 2,
      ""label"": ""mixed entry knowledge""
    },
    ""PR"": {
      ""score"": 3,
      ""label"": ""strong prerequisite readiness""
    },
    ""EPE"": {
      ""score"": 2,
      ""label"": ""mixed prior exposure""
    },
    ""LTD"": {
      ""score"": 2,
      ""label"": ""mixed topic manageability""
    },
    ""CAL"": {
      ""score"": 2,
      ""label"": ""mixed conceptual manageability""
    },
    ""PBL"": {
      ""score"": 2,
      ""label"": ""mixed procedural manageability""
    },
    ""LCB"": {
      ""score"": 3,
      ""label"": ""strong language accessibility""
    },
    ""ELC"": {
      ""score"": 3,
      ""label"": ""strong expressive adequacy""
    },
    ""WMS"": {
      ""score"": 2,
      ""label"": ""mixed memory manageability""
    },
    ""NCB"": {
      ""score"": 2,
      ""label"": ""mixed notation manageability""
    },
    ""TFF"": {
      ""score"": 3,
      ""label"": ""strong format familiarity""
    },
    ""DGC"": {
      ""score"": null,
      ""label"": ""not observable""
    },
    ""AL"": {
      ""score"": 3,
      ""label"": ""strong emotional readiness""
    },
    ""MGO"": {
      ""score"": 3,
      ""label"": ""strong learning motivation""
    },
    ""RIE"": {
      ""score"": 2,
      ""label"": ""mixed instructional exposure""
    },
    ""ESD"": {
      ""score"": 1,
      ""label"": ""weak environmental stability""
    }
  },
  ""achievement"": {
    ""probability"": 0.65
  }
}",,22.72,1
hourplm,mcxhnbc,D16,2cba3dce059cb12516bab5cf4488981976bf492ee37b974bef69bdb802027e30,0.45,"{
  ""dimensions"": {
    ""EKS"": {""score"": 2, ""label"": ""mixed entry knowledge""},
    ""PR"": {""score"": 2, ""label"": ""mixed prerequisite readiness""},
    ""EPE"": {""score"": 3, ""label"": ""strong prior exposure""},
    ""LTD"": {""score"": 2, ""label"": ""mixed topic manageability""},
    ""CAL"": {""score"": 1, ""label"": ""weak conceptual manageability""},
    ""PBL"": {""score"": 1, ""label"": ""weak procedural manageability""},
    ""LCB"": {""score"": 2, ""label"": ""mixed language accessibility""},
    ""ELC"": {""score"": 1, ""label"": ""weak expressive adequacy""},
    ""WMS"": {""score"": 1, ""label"": ""weak memory manageability""},
    ""NCB"": {""score"": 1, ""label"": ""weak notation manageability""},
    ""TFF"": {""score"": 2, ""label"": ""mixed format familiarity""},
    ""DGC"": {""score"": null, ""label"": ""not observable""},
    ""AL"": {""score"": 3, ""label"": ""strong emotional readiness""},
    ""MGO"": {""score"": 3, ""label"": ""strong learning motivation""},
    ""RIE"": {""score"": 4, ""label"": ""exceptional instructional exposure""},
    ""ESD"": {""score"": 2, ""label"": ""mixed environmental stability""}
  },
  ""achievement"": {
    ""probability"": 0.45
  }
}",,16.39,1
kjxxuij,cypnksx,D16,2cba3dce059cb12516bab5cf4488981976bf492ee37b974bef69bdb802027e30,0.65,"{
  ""dimensions"": {
    ""EKS"": {""score"": 2, ""label"": ""mixed entry knowledge""},
    ""PR"": {""score"": 3, ""label"": ""strong prerequisite readiness""},
    ""EPE"": {""score"": 3, ""label"": ""strong prior exposure""},
    ""LTD"": {""score"": 2, ""label"": ""mixed topic manageability""},
    ""CAL"": {""score"": 2, ""label"": ""mixed conceptual manageability""},
    ""PBL"": {""score"": 2, ""label"": ""mixed procedural manageability""},
    ""LCB"": {""score"": 3, ""label"": ""strong language accessibility""},
    ""ELC"": {""score"": 2, ""label"": ""mixed expressive adequacy""},
    ""WMS"": {""score"": 2, ""label"": ""mixed memory manageability""},
    ""NCB"": {""score"": 1, ""label"": ""weak notation manageability""},
    ""TFF"": {""score"": 3, ""label"": ""strong format familiarity""},
    ""DGC"": {""score"": null, ""label"": ""not observable""},
    ""AL"": {""score"": 2, ""label"": ""mixed emotional readiness""},
    ""MGO"": {""score"": 3, ""label"": ""strong learning motivation""},
    ""RIE"": {""score"": 4, ""label"": ""exceptional instructional exposure""},
    ""ESD"": {""score"": 1, ""label"": ""weak environmental stability""}
  },
  ""achievement"": {
    ""probability"": 0.65
  }
}",,18.4,1
gydwvpg,lecbpmg,D16,2cba3dce059cb12516bab5cf4488981976bf492ee37b974bef69bdb802027e30,0.65,"{
  ""dimensions"": {
    ""EKS"": {""score"": 2, ""label"": ""mixed entry knowledge""},
    ""PR"": {""score"": 2, ""label"": ""mixed prerequisite readiness""},
    ""EPE"": {""score"": 3, ""label"": ""strong prior exposure""},
    ""LTD"": {""score"": 3, ""label"": ""strong topic manageability""},
    ""CAL"": {""score"": 2, ""label"": ""mixed conceptual manageability""},
    ""PBL"": {""score"": 2, ""label"": ""mixed procedural manageability""},
    ""LCB"": {""score"": 1, ""label"": ""weak language accessibility""},
    ""ELC"": {""score"": 2, ""label"": ""mixed expressive adequacy""},
    ""WMS"": {""score"": 2, ""label"": ""mixed memory manageability""},
    ""NCB"": {""score"": 2, ""label"": ""mixed notation manageability""},
    ""TFF"": {""score"": 3, ""label"": ""strong format familiarity""},
    ""DGC"": {""score"": null, ""label"": ""not observable""},
    ""AL"": {""score"": 3, ""label"": ""strong emotional readiness""},
    ""MGO"": {""score"": 3, ""label"": ""strong learning motivation""},
    ""RIE"": {""score"": 4, ""label"": ""exceptional instructional exposure""},
    ""ESD"": {""score"": 1, ""label"": ""weak environmental stability""}
  },
  ""achievement"": {
    ""probability"": 0.65
  }
}",,19.77,1
dhikiuk,mictpwi,D16,2cba3dce059cb12516bab5cf4488981976bf492ee37b974bef69bdb802027e30,0.65,"{
  ""dimensions"": {
    ""EKS"": {""score"": 1, ""label"": ""weak entry knowledge""},
    ""PR"": {""score"": 2, ""label"": ""mixed prerequisite readiness""},
    ""EPE"": {""score"": 3, ""label"": ""strong prior exposure""},
    ""LTD"": {""score"": 2, ""label"": ""mixed topic manageability""},
    ""CAL"": {""score"": 1, ""label"": ""weak conceptual manageability""},
    ""PBL"": {""score"": 2, ""label"": ""mixed procedural manageability""},
    ""LCB"": {""score"": 3, ""label"": ""strong language accessibility""},
    ""ELC"": {""score"": 2, ""label"": ""mixed expressive adequacy""},
    ""WMS"": {""score"": 1, ""label"": ""weak memory manageability""},
    ""NCB"": {""score"": 1, ""label"": ""weak notation manageability""},
    ""TFF"": {""score"": 3, ""label"": ""strong format familiarity""},
    ""DGC"": {""score"": null, ""label"": ""not observable""},
    ""AL"": {""score"": 2, ""label"": ""mixed emotional readiness""},
    ""MGO"": {""score"": 3, ""label"": ""strong learning motivation""},
    ""RIE"": {""score"": 4, ""label"": ""exceptional instructional exposure""},
    ""ESD"": {""score"": 1, ""label"": ""weak environmental stability""}
  },
  ""achievement"": {
    ""probability"": 0.65
  }
}",,17.77,1
jlskiau,dodtqwx,D16,2cba3dce059cb12516bab5cf4488981976bf492ee37b974bef69bdb802027e30,0.65,"{
  ""dimensions"": {
    ""EKS"": {""score"": 2, ""label"": ""mixed entry knowledge""},
    ""PR"": {""score"": 2, ""label"": ""mixed prerequisite readiness""},
    ""EPE"": {""score"": 3, ""label"": ""strong prior exposure""},
    ""LTD"": {""score"": 2, ""label"": ""mixed topic manageability""},
    ""CAL"": {""score"": 2, ""label"": ""mixed conceptual manageability""},
    ""PBL"": {""score"": 2, ""label"": ""mixed procedural manageability""},
    ""LCB"": {""score"": 3, ""label"": ""strong language accessibility""},
    ""ELC"": {""score"": 2, ""label"": ""mixed expressive adequacy""},
    ""WMS"": {""score"": 1, ""label"": ""weak memory manageability""},
    ""NCB"": {""score"": 1, ""label"": ""weak notation manageability""},
    ""TFF"": {""score"": 3, ""label"": ""strong format familiarity""},
    ""DGC"": {""score"": null, ""label"": ""not observable""},
    ""AL"": {""score"": 2, ""label"": ""mixed emotional readiness""},
    ""MGO"": {""score"": 3, ""label"": ""strong learning motivation""},
    ""RIE"": {""score"": 4, ""label"": ""exceptional instructional exposure""},
    ""ESD"": {""score"": 1, ""label"": ""weak environmental stability""}
  },
  ""achievement"": {
    ""probability"": 0.65
  }
}",,18.13,1
mpbkcip,nclzfnn,D16,2cba3dce059cb12516bab5cf4488981976bf492ee37b974bef69bdb802027e30,0.75,"{
  ""dimensions"": {
    ""EKS"": {
      ""score"": 3,
      ""label"": ""strong entry knowledge""
    },
    ""PR"": {
      ""score"": 3,
      ""label"": ""strong prerequisite readiness""
    },
    ""EPE"": {
      ""score"": 4,
      ""label"": ""exceptional prior exposure""
    },
    ""LTD"": {
      ""score"": 3,
      ""label"": ""strong topic manageability""
    },
    ""CAL"": {
      ""score"": 2,
      ""label"": ""mixed conceptual manageability""
    },
    ""PBL"": {
      ""score"": 2,
      ""label"": ""mixed procedural manageability""
    },
    ""LCB"": {
      ""score"": 3,
      ""label"": ""strong language accessibility""
    },
    ""ELC"": {
      ""score"": 2,
      ""label"": ""mixed expressive adequacy""
    },
    ""WMS"": {
      ""score"": 2,
      ""label"": ""mixed memory manageability""
    },
    ""NCB"": {
      ""score"": 2,
      ""label"": ""mixed notation manageability""
    },
    ""TFF"": {
      ""score"": 3,
      ""label"": ""strong format familiarity""
    },
    ""DGC"": {
      ""score"": null,
      ""label"": ""not observable""
    },
    ""AL"": {
      ""score"": 3,
      ""label"": ""strong emotional readiness""
    },
    ""MGO"": {
      ""score"": 3,
      ""label"": ""strong learning motivation""
    },
    ""RIE"": {
      ""score"": 4,
      ""label"": ""exceptional instructional exposure""
    },
    ""ESD"": {
      ""score"": 2,
      ""label"": ""mixed environmental stability""
    }
  },
  ""achievement"": {
    ""probability"": 0.75
  }
}",,24.0,1
aqkwylp,cxpxpkc,D16,2cba3dce059cb12516bab5cf4488981976bf492ee37b974bef69bdb802027e30,0.65,"{
  ""dimensions"": {
    ""EKS"": {""score"": 2, ""label"": ""mixed entry knowledge""},
    ""PR"": {""score"": 3, ""label"": ""strong prerequisite readiness""},
    ""EPE"": {""score"": 1, ""label"": ""weak prior exposure""},
    ""LTD"": {""score"": 2, ""label"": ""mixed topic manageability""},
    ""CAL"": {""score"": 2, ""label"": ""mixed conceptual manageability""},
    ""PBL"": {""score"": 2, ""label"": ""mixed procedural manageability""},
    ""LCB"": {""score"": 3, ""label"": ""strong language accessibility""},
    ""ELC"": {""score"": 2, ""label"": ""mixed expressive adequacy""},
    ""WMS"": {""score"": 2, ""label"": ""mixed memory manageability""},
    ""NCB"": {""score"": 2, ""label"": ""mixed notation manageability""},
    ""TFF"": {""score"": 3, ""label"": ""strong format familiarity""},
    ""DGC"": {""score"": null, ""label"": ""not observable""},
    ""AL"": {""score"": 3, ""label"": ""strong emotional readiness""},
    ""MGO"": {""score"": 3, ""label"": ""strong learning motivation""},
    ""RIE"": {""score"": 2, ""label"": ""mixed instructional exposure""},
    ""ESD"": {""score"": 1, ""label"": ""weak environmental stability""}
  },
  ""achievement"": {
    ""probability"": 0.65
  }
}",,18.51,1
mdbfquf,myyqlcw,D16,2cba3dce059cb12516bab5cf4488981976bf492ee37b974bef69bdb802027e30,0.45,"{
  ""dimensions"": {
    ""EKS"": {""score"": 1, ""label"": ""weak entry knowledge""},
    ""PR"": {""score"": 2, ""label"": ""mixed prerequisite readiness""},
    ""EPE"": {""score"": 3, ""label"": ""strong prior exposure""},
    ""LTD"": {""score"": 2, ""label"": ""mixed topic manageability""},
    ""CAL"": {""score"": 1, ""label"": ""weak conceptual manageability""},
    ""PBL"": {""score"": 1, ""label"": ""weak procedural manageability""},
    ""LCB"": {""score"": 3, ""label"": ""strong language accessibility""},
    ""ELC"": {""score"": 2, ""label"": ""mixed expressive adequacy""},
    ""WMS"": {""score"": 1, ""label"": ""weak memory manageability""},
    ""NCB"": {""score"": 2, ""label"": ""mixed notation manageability""},
    ""TFF"": {""score"": 3, ""label"": ""strong format familiarity""},
    ""DGC"": {""score"": null, ""label"": ""not observable""},
    ""AL"": {""score"": 1, ""label"": ""weak emotional readiness""},
    ""MGO"": {""score"": 2, ""label"": ""mixed learning motivation""},
    ""RIE"": {""score"": 3, ""label"": ""strong instructional exposure""},
    ""ESD"": {""score"": 0, ""label"": ""minimal environmental stability""}
  },
  ""achievement"": {
    ""probability"": 0.45
  }
}",,18.86,1
hgvkapp,jlazjjg,D16,2cba3dce059cb12516bab5cf4488981976bf492ee37b974bef69bdb802027e30,0.65,"{
  ""dimensions"": {
    ""EKS"": {
      ""score"": 2,
      ""label"": ""mixed entry knowledge""
    },
    ""PR"": {
      ""score"": 3,
      ""label"": ""strong prerequisite readiness""
    },
    ""EPE"": {
      ""score"": 4,
      ""label"": ""exceptional prior exposure""
    },
    ""LTD"": {
      ""score"": 2,
      ""label"": ""mixed topic manageability""
    },
    ""CAL"": {
      ""score"": 2,
      ""label"": ""mixed conceptual manageability""
    },
    ""PBL"": {
      ""score"": 2,
      ""label"": ""mixed procedural manageability""
    },
    ""LCB"": {
      ""score"": 3,
      ""label"": ""strong language accessibility""
    },
    ""ELC"": {
      ""score"": 2,
      ""label"": ""mixed expressive adequacy""
    },
    ""WMS"": {
      ""score"": 1,
      ""label"": ""weak memory manageability""
    },
    ""NCB"": {
      ""score"": 2,
      ""label"": ""mixed notation manageability""
    },
    ""TFF"": {
      ""score"": 3,
      ""label"": ""strong format familiarity""
    },
    ""DGC"": {
      ""score"": null,
      ""label"": ""not observable""
    },
    ""AL"": {
      ""score"": 2,
      ""label"": ""mixed emotional readiness""
    },
    ""MGO"": {
      ""score"": 3,
      ""label"": ""strong learning motivation""
    },
    ""RIE"": {
      ""score"": 4,
      ""label"": ""exceptional instructional exposure""
    },
    ""ESD"": {
      ""score"": 1,
      ""label"": ""weak environmental stability""
    }
  },
  ""achievement"": {
    ""probability"": 0.65
  }
}",,22.78,1
nejbwfe,isxpuay,D16,2cba3dce059cb12516bab5cf4488981976bf492ee37b974bef69bdb802027e30,0.45,"{
  ""dimensions"": {
    ""EKS"": {""score"": 1, ""label"": ""weak entry knowledge""},
    ""PR"": {""score"": 2, ""label"": ""mixed prerequisite readiness""},
    ""EPE"": {""score"": 3, ""label"": ""strong prior exposure""},
    ""LTD"": {""score"": 2, ""label"": ""mixed topic manageability""},
    ""CAL"": {""score"": 1, ""label"": ""weak conceptual manageability""},
    ""PBL"": {""score"": 1, ""label"": ""weak procedural manageability""},
    ""LCB"": {""score"": 3, ""label"": ""strong language accessibility""},
    ""ELC"": {""score"": 2, ""label"": ""mixed expressive adequacy""},
    ""WMS"": {""score"": 1, ""label"": ""weak memory manageability""},
    ""NCB"": {""score"": 1, ""label"": ""weak notation manageability""},
    ""TFF"": {""score"": 3, ""label"": ""strong format familiarity""},
    ""DGC"": {""score"": null, ""label"": ""not observable""},
    ""AL"": {""score"": 2, ""label"": ""mixed emotional readiness""},
    ""MGO"": {""score"": 2, ""label"": ""mixed learning motivation""},
    ""RIE"": {""score"": 3, ""label"": ""strong instructional exposure""},
    ""ESD"": {""score"": 2, ""label"": ""mixed environmental stability""}
  },
  ""achievement"": {
    ""probability"": 0.45
  }
}",,17.89,1
hacaufu,hjogifm,D16,2cba3dce059cb12516bab5cf4488981976bf492ee37b974bef69bdb802027e30,0.55,"{
  ""dimensions"": {
    ""EKS"": {
      ""score"": 2,
      ""label"": ""mixed entry knowledge""
    },
    ""PR"": {
      ""score"": 2,
      ""label"": ""mixed prerequisite readiness""
    },
    ""EPE"": {
      ""score"": 3,
      ""label"": ""strong prior exposure""
    },
    ""LTD"": {
      ""score"": 2,
      ""label"": ""mixed topic manageability""
    },
    ""CAL"": {
      ""score"": 2,
      ""label"": ""mixed conceptual manageability""
    },
    ""PBL"": {
      ""score"": 1,
      ""label"": ""weak procedural manageability""
    },
    ""LCB"": {
      ""score"": 3,
      ""label"": ""strong language accessibility""
    },
    ""ELC"": {
      ""score"": 2,
      ""label"": ""mixed expressive adequacy""
    },
    ""WMS"": {
      ""score"": 1,
      ""label"": ""weak memory manageability""
    },
    ""NCB"": {
      ""score"": 1,
      ""label"": ""weak notation manageability""
    },
    ""TFF"": {
      ""score"": 3,
      ""label"": ""strong format familiarity""
    },
    ""DGC"": {
      ""score"": null,
      ""label"": ""not observable""
    },
    ""AL"": {
      ""score"": 2,
      ""label"": ""mixed emotional readiness""
    },
    ""MGO"": {
      ""score"": 3,
      ""label"": ""strong learning motivation""
    },
    ""RIE"": {
      ""score"": 4,
      ""label"": ""exceptional instructional exposure""
    },
    ""ESD"": {
      ""score"": 1,
      ""label"": ""weak environmental stability""
    }
  },
  ""achievement"": {
    ""probability"": 0.55
  }
}",,21.02,1
nmzlmuw,fktxwar,D16,2cba3dce059cb12516bab5cf4488981976bf492ee37b974bef69bdb802027e30,0.85,"{
  ""dimensions"": {
    ""EKS"": {
      ""score"": 3,
      ""label"": ""strong entry knowledge""
    },
    ""PR"": {
      ""score"": 4,
      ""label"": ""exceptional prerequisite readiness""
    },
    ""EPE"": {
      ""score"": 2,
      ""label"": ""mixed prior exposure""
    },
    ""LTD"": {
      ""score"": 3,
      ""label"": ""strong topic manageability""
    },
    ""CAL"": {
      ""score"": 3,
      ""label"": ""strong conceptual manageability""
    },
    ""PBL"": {
      ""score"": 3,
      ""label"": ""strong procedural manageability""
    },
    ""LCB"": {
      ""score"": 4,
      ""label"": ""exceptional language accessibility""
    },
    ""ELC"": {
      ""score"": 3,
      ""label"": ""strong expressive adequacy""
    },
    ""WMS"": {
      ""score"": 2,
      ""label"": ""mixed memory manageability""
    },
    ""NCB"": {
      ""score"": 3,
      ""label"": ""strong notation manageability""
    },
    ""TFF"": {
      ""score"": 3,
      ""label"": ""strong format familiarity""
    },
    ""DGC"": {
      ""score"": null,
      ""label"": ""not observable""
    },
    ""AL"": {
      ""score"": 4,
      ""label"": ""exceptional emotional readiness""
    },
    ""MGO"": {
      ""score"": 3,
      ""label"": ""strong learning motivation""
    },
    ""RIE"": {
      ""score"": 2,
      ""label"": ""mixed instructional exposure""
    },
    ""ESD"": {
      ""score"": 1,
      ""label"": ""weak environmental stability""
    }
  },
  ""achievement"": {
    ""probability"": 0.85
  }
}",,22.62,1
kbfmjiz,glozcug,D16,2cba3dce059cb12516bab5cf4488981976bf492ee37b974bef69bdb802027e30,0.45,"{
  ""dimensions"": {
    ""EKS"": {
      ""score"": 2,
      ""label"": ""mixed entry knowledge""
    },
    ""PR"": {
      ""score"": 2,
      ""label"": ""mixed prerequisite readiness""
    },
    ""EPE"": {
      ""score"": 3,
      ""label"": ""strong prior exposure""
    },
    ""LTD"": {
      ""score"": 2,
      ""label"": ""mixed topic manageability""
    },
    ""CAL"": {
      ""score"": 2,
      ""label"": ""mixed conceptual manageability""
    },
    ""PBL"": {
      ""score"": 1,
      ""label"": ""weak procedural manageability""
    },
    ""LCB"": {
      ""score"": 3,
      ""label"": ""strong language accessibility""
    },
    ""ELC"": {
      ""score"": 2,
      ""label"": ""mixed expressive adequacy""
    },
    ""WMS"": {
      ""score"": 1,
      ""label"": ""weak memory manageability""
    },
    ""NCB"": {
      ""score"": 1,
      ""label"": ""weak notation manageability""
    },
    ""TFF"": {
      ""score"": 2,
      ""label"": ""mixed format familiarity""
    },
    ""DGC"": {
      ""score"": null,
      ""label"": ""not observable""
    },
    ""AL"": {
      ""score"": 3,
      ""label"": ""strong emotional readiness""
    },
    ""MGO"": {
      ""score"": 2,
      ""label"": ""mixed learning motivation""
    },
    ""RIE"": {
      ""score"": 3,
      ""label"": ""strong instructional exposure""
    },
    ""ESD"": {
      ""score"": 1,
      ""label"": ""weak environmental stability""
    }
  },
  ""achievement"": {
    ""probability"": 0.45
  }
}",,22.12,1
emwcrkp,lymqjye,D16,2cba3dce059cb12516bab5cf4488981976bf492ee37b974bef69bdb802027e30,0.45,"{
  ""dimensions"": {
    ""EKS"": {""score"": 1, ""label"": ""weak entry knowledge""},
    ""PR"": {""score"": 2, ""label"": ""mixed prerequisite readiness""},
    ""EPE"": {""score"": 3, ""label"": ""strong prior exposure""},
    ""LTD"": {""score"": 2, ""label"": ""mixed topic manageability""},
    ""CAL"": {""score"": 2, ""label"": ""mixed conceptual manageability""},
    ""PBL"": {""score"": 1, ""label"": ""weak procedural manageability""},
    ""LCB"": {""score"": 3, ""label"": ""strong language accessibility""},
    ""ELC"": {""score"": 2, ""label"": ""mixed expressive adequacy""},
    ""WMS"": {""score"": 1, ""label"": ""weak memory manageability""},
    ""NCB"": {""score"": 1, ""label"": ""weak notation manageability""},
    ""TFF"": {""score"": 3, ""label"": ""strong format familiarity""},
    ""DGC"": {""score"": null, ""label"": ""not observable""},
    ""AL"": {""score"": 3, ""label"": ""strong emotional readiness""},
    ""MGO"": {""score"": 2, ""label"": ""mixed learning motivation""},
    ""RIE"": {""score"": 3, ""label"": ""strong instructional exposure""},
    ""ESD"": {""score"": 1, ""label"": ""weak environmental stability""}
  },
  ""achievement"": {
    ""probability"": 0.45
  }
}",,16.75,1
kcvvtrw,jfbvujd,D16,2cba3dce059cb12516bab5cf4488981976bf492ee37b974bef69bdb802027e30,0.85,"{
  ""dimensions"": {
    ""EKS"": {
      ""score"": 3,
      ""label"": ""strong entry knowledge""
    },
    ""PR"": {
      ""score"": 3,
      ""label"": ""strong prerequisite readiness""
    },
    ""EPE"": {
      ""score"": 4,
      ""label"": ""exceptional prior exposure""
    },
    ""LTD"": {
      ""score"": 3,
      ""label"": ""strong topic manageability""
    },
    ""CAL"": {
      ""score"": 3,
      ""label"": ""strong conceptual manageability""
    },
    ""PBL"": {
      ""score"": 2,
      ""label"": ""mixed procedural manageability""
    },
    ""LCB"": {
      ""score"": 3,
      ""label"": ""strong language accessibility""
    },
    ""ELC"": {
      ""score"": 2,
      ""label"": ""mixed expressive adequacy""
    },
    ""WMS"": {
      ""score"": 2,
      ""label"": ""mixed memory manageability""
    },
    ""NCB"": {
      ""score"": 2,
      ""label"": ""mixed notation manageability""
    },
    ""TFF"": {
      ""score"": 3,
      ""label"": ""strong format familiarity""
    },
    ""DGC"": {
      ""score"": null,
      ""label"": ""not observable""
    },
    ""AL"": {
      ""score"": 3,
      ""label"": ""strong emotional readiness""
    },
    ""MGO"": {
      ""score"": 3,
      ""label"": ""strong learning motivation""
    },
    ""RIE"": {
      ""score"": 4,
      ""label"": ""exceptional instructional exposure""
    },
    ""ESD"": {
      ""score"": 2,
      ""label"": ""mixed environmental stability""
    }
  },
  ""achievement"": {
    ""probability"": 0.85
  }
}",,22.14,1
dtnpjmm,diyexko,D16,2cba3dce059cb12516bab5cf4488981976bf492ee37b974bef69bdb802027e30,0.35,"{
  ""dimensions"": {
    ""EKS"": {""score"": 1, ""label"": ""weak entry knowledge""},
    ""PR"": {""score"": 2, ""label"": ""mixed prerequisite readiness""},
    ""EPE"": {""score"": 1, ""label"": ""weak prior exposure""},
    ""LTD"": {""score"": 1, ""label"": ""weak topic manageability""},
    ""CAL"": {""score"": 1, ""label"": ""weak conceptual manageability""},
    ""PBL"": {""score"": 1, ""label"": ""weak procedural manageability""},
    ""LCB"": {""score"": 2, ""label"": ""mixed language accessibility""},
    ""ELC"": {""score"": 2, ""label"": ""mixed expressive adequacy""},
    ""WMS"": {""score"": 1, ""label"": ""weak memory manageability""},
    ""NCB"": {""score"": 1, ""label"": ""weak notation manageability""},
    ""TFF"": {""score"": 2, ""label"": ""mixed format familiarity""},
    ""DGC"": {""score"": null, ""label"": ""not observable""},
    ""AL"": {""score"": 3, ""label"": ""strong emotional readiness""},
    ""MGO"": {""score"": 3, ""label"": ""strong learning motivation""},
    ""RIE"": {""score"": 2, ""label"": ""mixed instructional exposure""},
    ""ESD"": {""score"": 1, ""label"": ""weak environmental stability""}
  },
  ""achievement"": {
    ""probability"": 0.35
  }
}",,18.41,1
bqctbub,gyatrag,D16,2cba3dce059cb12516bab5cf4488981976bf492ee37b974bef69bdb802027e30,0.45,"{
  ""dimensions"": {
    ""EKS"": {
      ""score"": 2,
      ""label"": ""mixed entry knowledge""
    },
    ""PR"": {
      ""score"": 2,
      ""label"": ""mixed prerequisite readiness""
    },
    ""EPE"": {
      ""score"": 3,
      ""label"": ""strong prior exposure""
    },
    ""LTD"": {
      ""score"": 2,
      ""label"": ""mixed topic manageability""
    },
    ""CAL"": {
      ""score"": 1,
      ""label"": ""weak conceptual manageability""
    },
    ""PBL"": {
      ""score"": 1,
      ""label"": ""weak procedural manageability""
    },
    ""LCB"": {
      ""score"": 0,
      ""label"": ""minimal language accessibility""
    },
    ""ELC"": {
      ""score"": 1,
      ""label"": ""weak expressive adequacy""
    },
    ""WMS"": {
      ""score"": 1,
      ""label"": ""weak memory manageability""
    },
    ""NCB"": {
      ""score"": 1,
      ""label"": ""weak notation manageability""
    },
    ""TFF"": {
      ""score"": 2,
      ""label"": ""mixed format familiarity""
    },
    ""DGC"": {
      ""score"": null,
      ""label"": ""not observable""
    },
    ""AL"": {
      ""score"": 1,
      ""label"": ""weak emotional readiness""
    },
    ""MGO"": {
      ""score"": 2,
      ""label"": ""mixed learning motivation""
    },
    ""RIE"": {
      ""score"": 3,
      ""label"": ""strong instructional exposure""
    },
    ""ESD"": {
      ""score"": 0,
      ""label"": ""minimal environmental stability""
    }
  },
  ""achievement"": {
    ""probability"": 0.45
  }
}",,21.01,1
